feature_index,feature_name,importance_gain
6091,p20basepair.Hbond.energyraw,0.027617667
6092,p20basepair.Hlgap.eVEraw,0.023195544
2849,V299.xsgRNA.raw,0.01915739
287,V1110.xsgRNA.raw,0.010573588
6068,p19dimer.Hbond.energyraw,0.009468873
6055,p18dimer.Hbond.energyraw,0.008667111
335,V1131.xsgRNA.raw,0.0073998636
6069,p19dimer.Hbond.stackingraw,0.007244116
5275,V73.xsgRNA.raw,0.006614192
6060,p18monomer.No.electronsraw,0.006408879
2745,V291.xsgRNA.raw,0.0062942067
2581,V279.xsgRNA.raw,0.006002678
203,V1076.xsgRNA.raw,0.0057449657
1941,V231.xsgRNA.raw,0.004696676
16,sgRNA.gcsgRNA.raw,0.004535492
6070,p19dimer.HLgap.eVEraw,0.0045216726
6062,p18trimer.Hbond.stackingraw,0.004332388
2909,V303.xsgRNA.raw,0.0043152585
293,V1113.xsgRNA.raw,0.004167185
1725,V215.xsgRNA.raw,0.0038520044
2516,V274.xsgRNA.raw,0.0037523746
6042,p17monomer.HLgap.eVraw,0.0037099856
5251,V72.xsgRNA.raw,0.0037060282
5447,V80.xsgRNA.raw,0.0035990295
282,V1109.xsgRNA.raw,0.0035369145
6052,p18basepair.Hbond.energyraw,0.0034195709
5127,V67.xsgRNA.raw,0.0032877726
4835,V55.xsgRNA.raw,0.0030874244
3962,V3878sgRNA.raw,0.0030621921
6053,p18basepair.Hlgap.eVEraw,0.003057179
7,CCsgRNA.raw,0.0030317383
4859,V56.xsgRNA.raw,0.0029528406
278,V1107.xsgRNA.raw,0.002951847
4931,V59.xsgRNA.raw,0.0029360468
6056,p18dimer.Hbond.stackingraw,0.0028734733
2287,V257.xsgRNA.raw,0.0028448568
5299,V74.xsgRNA.raw,0.002576359
22,TsgRNA.raw,0.0025552642
5942,p11tetramer.Hbond.energyraw,0.0025523945
230,V1088.xsgRNA.raw,0.0025405083
2676,V286.xsgRNA.raw,0.0024731837
322,V1126.xsgRNA.raw,0.002433667
5912,PAM.C0,0.0024012127
2810,V296.xsgRNA.raw,0.0023248063
2935,V305.xsgRNA.raw,0.00230195
4487,V4299sgRNA.raw,0.0022898777
1158,V172sgRNA.raw,0.0022255464
5384,V775.xsgRNA.raw,0.002222841
13,GGsgRNA.raw,0.0022154911
3703,V3669sgRNA.raw,0.0022139966
5371,V77.xsgRNA.raw,0.002192352
2114,V244.xsgRNA.raw,0.0021777367
1794,V220.xsgRNA.raw,0.0021633354
2650,V284.xsgRNA.raw,0.0021456648
347,V1137.xsgRNA.raw,0.0021245473
5933,p11basepair.Hbond.energyraw,0.0021131975
6049,p17trimer.Hbond.stackingraw,0.002088387
5991,p14monomer.HLgap.eVraw,0.0020821546
6061,p18trimer.Hbond.energyraw,0.0020779916
5846,V971.xsgRNA.raw,0.0019229761
63,V1015.xsgRNA.raw,0.0019081592
4751,V514.ysgRNA.raw,0.0018873055
6010,p15tetramer.Hbond.energyraw,0.0018257449
88,V1026.xsgRNA.raw,0.001823316
2503,V273.xsgRNA.raw,0.0018202391
5823,V961.xsgRNA.raw,0.0018169428
6205,p8monomer.HLgap.eVraw,0.0018045594
6005,p15dimer.Hbond.stackingraw,0.0017977653
5924,p10monomer.No.electronsraw,0.0017873333
6015,p15trimer.Hbond.stackingraw,0.0017855165
3068,V3157sgRNA.raw,0.001768098
6035,p17basepair.Hbond.energyraw,0.0017663431
969,V159.xsgRNA.raw,0.0017495775
5976,p13tetramer.Hbond.energyraw,0.0017270994
172,V1062.xsgRNA.raw,0.0017264542
4228,V409.xsgRNA.raw,0.001695711
6025,p16monomer.HLgap.eVraw,0.0016871411
6048,p17trimer.Hbond.energyraw,0.001687134
356,V1140.xsgRNA.raw,0.0016828256
5987,p14dimer.Hbond.energyraw,0.0016669532
3668,V364.xsgRNA.raw,0.0016662147
2784,V294.xsgRNA.raw,0.0016627463
6087,p1trimer.Hbond.energyraw,0.0016278116
6026,p16monomer.No.electronsraw,0.0016222748
2261,V255.xsgRNA.raw,0.0016184663
2101,V243.xsgRNA.raw,0.0016154461
6022,p16dimer.Hbond.stackingraw,0.001614771
2248,V254.xsgRNA.raw,0.0016039086
5934,p11basepair.Hlgap.eVEraw,0.0016035874
2771,V293.xsgRNA.raw,0.0015889277
3708,V3672sgRNA.raw,0.001587582
2867,V30.xsgRNA.raw,0.0015769032
46,V1008.xsgRNA.raw,0.001572301
4241,V41.xsgRNA.raw,0.0015711216
2343,V261.xsgRNA.raw,0.0015647066
2624,V282.xsgRNA.raw,0.0015633097
3691,V3659sgRNA.raw,0.0015543588
2800,V2951sgRNA.raw,0.0015534282
5997,p14trimer.Hbond.energyraw,0.0015395372
1751,V217.xsgRNA.raw,0.0015366691
3121,V32.xsgRNA.raw,0.00153665
4343,V4181sgRNA.raw,0.001515345
2575,V2785sgRNA.raw,0.00151506
3127,V3202sgRNA.raw,0.0015104826
6151,p5dimer.Hbond.stackingraw,0.0014864645
5677,V9.x.xsgRNA.raw,0.0014860486
464,V121.ysgRNA.raw,0.0014629362
362,V1143.xsgRNA.raw,0.001461622
1630,V208.xsgRNA.raw,0.0014558242
2382,V264.xsgRNA.raw,0.001448575
852,V150.xsgRNA.raw,0.0014448777
4566,V44.x.xsgRNA.raw,0.0014276629
3052,V3143sgRNA.raw,0.0014260657
209,V1079.xsgRNA.raw,0.0014231488
6044,p17tetramer.Hbond.energyraw,0.0014228639
4695,V492.ysgRNA.raw,0.0014225192
1499,V1985sgRNA.raw,0.0014160887
53,V1010.xsgRNA.raw,0.0014136401
385,V1153.xsgRNA.raw,0.0014089481
5850,V973.xsgRNA.raw,0.0014067744
1980,V234.xsgRNA.raw,0.0014043465
5946,p11trimer.Hbond.energyraw,0.0013950673
2045,V239.xsgRNA.raw,0.0013944015
4000,V3906sgRNA.raw,0.0013827746
4983,V61.xsgRNA.raw,0.0013773761
3989,V39.xsgRNA.raw,0.0013738078
82,V1023.xsgRNA.raw,0.0013729796
5323,V75.xsgRNA.raw,0.001371205
3598,V3584sgRNA.raw,0.0013698875
364,V1144.xsgRNA.raw,0.0013661586
33,V1001.ysgRNA.raw,0.0013621404
138,V1048.xsgRNA.raw,0.0013555136
6083,p1tetramer.Hbond.energyraw,0.0013503764
6095,p20monomer.No.electronsraw,0.001348202
2735,V2901sgRNA.raw,0.001335139
1098,V1686sgRNA.raw,0.0013326848
783,V145.xsgRNA.raw,0.0013224363
6063,p18trimer.Hlgap.eVEraw,0.0013186922
5201,V7.ysgRNA.raw,0.0013044582
6045,p17tetramer.Hbond.stackingraw,0.0013037144
1251,V18.xsgRNA.raw,0.0013019944
2865,V3.ysgRNA.raw,0.0013019722
2490,V272.xsgRNA.raw,0.0012974284
5993,p14tetramer.Hbond.energyraw,0.0012940917
2264,V2551sgRNA.raw,0.0012909764
744,V142.xsgRNA.raw,0.0012877136
4351,V4189sgRNA.raw,0.0012875226
84,V1024.xsgRNA.raw,0.0012853874
5972,p13dimer.HLgap.eVEraw,0.0012850309
5382,V774.xsgRNA.raw,0.0012844164
4900,V577.xsgRNA.raw,0.0012815534
2386,V2642sgRNA.raw,0.0012782387
5421,V79.ysgRNA.raw,0.001272908
383,V1152.xsgRNA.raw,0.0012676349
6011,p15tetramer.Hbond.stackingraw,0.0012655423
151,V1053.xsgRNA.raw,0.0012614699
6130,p4basepair.Hbond.energyraw,0.0012614579
5110,V662.xsgRNA.raw,0.0012582896
6104,p2monomer.No.electronsraw,0.0012557989
5970,p13dimer.Hbond.energyraw,0.0012546042
5980,p13trimer.Hbond.energyraw,0.0012526229
6078,p1dimer.Hbond.stackingraw,0.0012524935
3902,V3828sgRNA.raw,0.001251788
1473,V1965sgRNA.raw,0.0012424258
1922,V2299sgRNA.raw,0.001238918
5266,V726.xsgRNA.raw,0.0012386664
4007,V3911sgRNA.raw,0.0012367632
6164,p6basepair.Hbond.energyraw,0.0012353216
57,V1012.xsgRNA.raw,0.0012328887
2568,V278.xsgRNA.raw,0.0012326795
4208,V4072sgRNA.raw,0.0012326165
1293,V183.xsgRNA.raw,0.0012284332
4580,V445.xsgRNA.raw,0.0012257274
3403,V3425sgRNA.raw,0.0012247566
5994,p14tetramer.Hbond.stackingraw,0.0012247465
3273,V332.ysgRNA.raw,0.0012244746
3383,V3409sgRNA.raw,0.0012203765
6028,p16tetramer.Hbond.stackingraw,0.0012177491
5079,V65.xsgRNA.raw,0.0012166754
5065,V643.ysgRNA.raw,0.0012127466
1591,V205.xsgRNA.raw,0.0012095218
4227,V4089sgRNA.raw,0.0012060625
206,V1077.ysgRNA.raw,0.0012028592
61,V1014.xsgRNA.raw,0.001200769
5754,V931.xsgRNA.raw,0.0011988636
2545,V2761sgRNA.raw,0.0011946037
2595,V28.xsgRNA.raw,0.0011921605
1917,V2294sgRNA.raw,0.0011884491
3877,V3807sgRNA.raw,0.0011877482
5501,V823.xsgRNA.raw,0.0011857399
2075,V241.xsgRNA.raw,0.0011856103
5914,PAM.G0,0.001176673
4770,V522.xsgRNA.raw,0.0011764179
312,V1121.xsgRNA.raw,0.0011717236
6072,p19monomer.HLgap.eVraw,0.0011687003
5296,V739.xsgRNA.raw,0.0011676754
1823,V2221sgRNA.raw,0.001164251
3695,V3661sgRNA.raw,0.0011639202
5984,p14basepair.Hbond.energyraw,0.0011619654
4173,V4043sgRNA.raw,0.0011607243
4024,V3926sgRNA.raw,0.0011488679
1492,V198.xsgRNA.raw,0.0011467264
5060,V641.xsgRNA.raw,0.0011455008
5536,V839.xsgRNA.raw,0.0011447048
3328,V3366sgRNA.raw,0.0011437933
5547,V843.xsgRNA.raw,0.0011414263
676,V137.ysgRNA.raw,0.0011407355
1622,V2073sgRNA.raw,0.001140069
4617,V46.ysgRNA.raw,0.001139511
1564,V202sgRNA.raw,0.0011383435
930,V156.xsgRNA.raw,0.0011370609
374,V1149.xsgRNA.raw,0.0011337929
5779,V942.xsgRNA.raw,0.0011295669
4249,V4103sgRNA.raw,0.0011290468
5053,V639.ysgRNA.raw,0.0011290122
4001,V3907sgRNA.raw,0.0011273258
3890,V3818sgRNA.raw,0.0011256185
4345,V4183sgRNA.raw,0.001121413
649,V135.xsgRNA.raw,0.0011191479
3533,V353.ysgRNA.raw,0.0011190437
3574,V3564sgRNA.raw,0.0011164905
379,V1150.xsgRNA.raw,0.0011155993
4239,V4099sgRNA.raw,0.0011134617
1388,V190.xsgRNA.raw,0.0011128874
3418,V3438sgRNA.raw,0.001111736
444,V1199sgRNA.raw,0.0011104622
1237,V179.xsgRNA.raw,0.0011098456
3980,V3892sgRNA.raw,0.0011079931
5923,p10monomer.HLgap.eVraw,0.001104515
4435,V4255sgRNA.raw,0.0011040318
5038,V632.xsgRNA.raw,0.0011022271
5908,V999.xsgRNA.raw,0.0011015078
3620,V360.xsgRNA.raw,0.0011004932
585,V130.ysgRNA.raw,0.0010976203
1993,V235.xsgRNA.raw,0.0010948824
212,V108.xsgRNA.raw,0.0010939976
4593,V45.ysgRNA.raw,0.0010932572
18,sgRNA.tempsgRNA.raw,0.0010906946
6033,p16trimer.Hlgap.eVEraw,0.0010806525
1116,V17.x.xsgRNA.raw,0.0010790359
3139,V3211sgRNA.raw,0.0010779322
4765,V52.ysgRNA.raw,0.0010769827
2219,V2518sgRNA.raw,0.0010765868
6109,p2trimer.Hbond.energyraw,0.0010762434
2196,V250.xsgRNA.raw,0.0010760359
6224,p9tetramer.Hbond.energyraw,0.001074429
1217,V1774sgRNA.raw,0.0010719177
1820,V222.xsgRNA.raw,0.0010716004
6038,p17dimer.Hbond.energyraw,0.0010707438
6101,p2dimer.HLgap.eVEraw,0.001069521
5597,V865.xsgRNA.raw,0.0010694357
2320,V2595sgRNA.raw,0.001062032
301,V1117.xsgRNA.raw,0.0010610495
1673,V211.xsgRNA.raw,0.0010585502
5526,V834.xsgRNA.raw,0.0010580234
6155,p5monomer.No.electronsraw,0.0010538249
3421,V344.ysgRNA.raw,0.0010529117
4910,V580.xsgRNA.raw,0.0010526336
6032,p16trimer.Hbond.stackingraw,0.0010524988
420,V118.xsgRNA.raw,0.0010483136
2838,V2980sgRNA.raw,0.0010470112
3983,V3895sgRNA.raw,0.0010459016
5124,V669.xsgRNA.raw,0.0010456715
873,V1516sgRNA.raw,0.0010407146
2908,V302sgRNA.raw,0.0010367823
1294,V183.ysgRNA.raw,0.0010332015
931,V156.ysgRNA.raw,0.0010312486
101,V1031.xsgRNA.raw,0.0010307981
706,V1393sgRNA.raw,0.0010305366
3820,V3762sgRNA.raw,0.0010286154
6039,p17dimer.Hbond.stackingraw,0.0010266075
4179,V4049sgRNA.raw,0.0010265438
3247,V33.ysgRNA.raw,0.001021457
5869,V981.xsgRNA.raw,0.0010201369
1441,V194.ysgRNA.raw,0.0010130381
5873,V983.xsgRNA.raw,0.00101275
6225,p9tetramer.Hbond.stackingraw,0.0010115275
1570,V2033sgRNA.raw,0.0010091034
4838,V550.xsgRNA.raw,0.0010048375
6133,p4dimer.Hbond.energyraw,0.0010046004
3513,V3513sgRNA.raw,0.0010044411
6154,p5monomer.HLgap.eVraw,0.0010008699
695,V1385sgRNA.raw,0.0009987202
6066,p19basepair.Hlgap.eVEraw,0.000998234
3002,V3101sgRNA.raw,0.0009971621
5965,p12trimer.Hlgap.eVEraw,0.0009930462
2529,V275.xsgRNA.raw,0.0009929563
3564,V3556sgRNA.raw,0.0009925364
1453,V195.xsgRNA.raw,0.0009913073
5953,p12dimer.Hbond.energyraw,0.000990784
3678,V3648sgRNA.raw,0.0009896193
3116,V3197sgRNA.raw,0.0009888518
6027,p16tetramer.Hbond.energyraw,0.0009870732
4004,V391.xsgRNA.raw,0.0009856997
3871,V3801sgRNA.raw,0.0009830605
1618,V207.ysgRNA.raw,0.0009812583
5003,V618.ysgRNA.raw,0.0009799021
5623,V876.ysgRNA.raw,0.0009779094
1522,V20.x.xsgRNA.raw,0.0009767131
2569,V278.ysgRNA.raw,0.0009765681
2988,V3093sgRNA.raw,0.0009760234
4644,V471.xsgRNA.raw,0.0009746583
6009,p15monomer.No.electronsraw,0.0009746414
5992,p14monomer.No.electronsraw,0.0009729922
6116,p3dimer.Hbond.energyraw,0.0009725643
4738,V51.x.xsgRNA.raw,0.0009718444
1572,V2035sgRNA.raw,0.00097083213
5235,V712.ysgRNA.raw,0.00097038096
596,V130sgRNA.raw,0.0009696175
1712,V214.xsgRNA.raw,0.00096772856
339,V1133.xsgRNA.raw,0.00096747465
6228,p9trimer.Hbond.energyraw,0.0009674387
2312,V258sgRNA.raw,0.0009663755
6144,p4trimer.Hbond.stackingraw,0.0009663167
5292,V737.xsgRNA.raw,0.0009663051
4363,V4199sgRNA.raw,0.00096555403
5570,V853.xsgRNA.raw,0.0009648107
2861,V299sgRNA.raw,0.00096444343
371,V1147.ysgRNA.raw,0.00096341915
4547,V4345sgRNA.raw,0.00096162054
214,V1080.xsgRNA.raw,0.0009610135
6029,p16tetramer.Hlgap.eVEraw,0.00096021144
3649,V3623sgRNA.raw,0.00095709943
4355,V4191sgRNA.raw,0.00095673377
4508,V4312sgRNA.raw,0.0009558846
4970,V604.xsgRNA.raw,0.0009557275
3333,V337.ysgRNA.raw,0.0009556823
4279,V4129sgRNA.raw,0.000953563
3324,V3362sgRNA.raw,0.0009533135
4195,V4061sgRNA.raw,0.0009520206
502,V124.xsgRNA.raw,0.0009496535
6031,p16trimer.Hbond.energyraw,0.0009491906
3198,V3260sgRNA.raw,0.00094880565
1143,V1718sgRNA.raw,0.000948678
4748,V513.xsgRNA.raw,0.00094859
4299,V4145sgRNA.raw,0.00094823004
5150,V68.x.xsgRNA.raw,0.000947569
3599,V3585sgRNA.raw,0.00094747415
195,V1072.xsgRNA.raw,0.0009470786
6004,p15dimer.Hbond.energyraw,0.00094368233
4085,V3977sgRNA.raw,0.0009410705
4365,V42.xsgRNA.raw,0.00094068656
4128,V4006sgRNA.raw,0.00094020204
616,V1324sgRNA.raw,0.0009389167
3972,V3886sgRNA.raw,0.00093788176
3661,V3633sgRNA.raw,0.00093778444
4265,V4117sgRNA.raw,0.000932433
201,V1075.xsgRNA.raw,0.00093055266
3287,V3331sgRNA.raw,0.0009302084
1664,V2102sgRNA.raw,0.0009295702
1711,V213sgRNA.raw,0.0009243341
840,V1493sgRNA.raw,0.00092422665
4384,V4212sgRNA.raw,0.0009208668
5961,p12tetramer.Hlgap.eVEraw,0.00092046557
798,V1460sgRNA.raw,0.000919931
3765,V3717sgRNA.raw,0.0009194646
2169,V2481sgRNA.raw,0.0009189709
256,V1099.ysgRNA.raw,0.0009188738
2587,V2794sgRNA.raw,0.00091868156
6174,p6tetramer.Hbond.stackingraw,0.00091303885
4313,V4157sgRNA.raw,0.0009124753
3400,V3422sgRNA.raw,0.00091162993
5327,V750.ysgRNA.raw,0.00090812304
5722,V918.xsgRNA.raw,0.0009065292
664,V1360sgRNA.raw,0.00090589636
5777,V941.xsgRNA.raw,0.0009053953
407,V117.xsgRNA.raw,0.0009053758
2637,V283.xsgRNA.raw,0.00090513664
3553,V3547sgRNA.raw,0.0009045703
6127,p3trimer.Hbond.stackingraw,0.0009034883
3718,V3680sgRNA.raw,0.0009034056
5505,V825.xsgRNA.raw,0.0009027118
999,V161.xsgRNA.raw,0.0009002502
6229,p9trimer.Hbond.stackingraw,0.0009000333
3864,V38.x.xsgRNA.raw,0.0009000012
4551,V4349sgRNA.raw,0.0008994858
3741,V37.xsgRNA.raw,0.0008993916
144,V105.ysgRNA.raw,0.0008992623
5960,p12tetramer.Hbond.stackingraw,0.00089747115
6105,p2tetramer.Hbond.energyraw,0.00089713046
3036,V313.ysgRNA.raw,0.00089704024
2726,V2899sgRNA.raw,0.0008957249
2815,V2963sgRNA.raw,0.00089547806
147,V1051.xsgRNA.raw,0.0008945795
4175,V4045sgRNA.raw,0.0008926273
4503,V4309sgRNA.raw,0.0008906426
6006,p15dimer.HLgap.eVEraw,0.0008879154
5422,V790.xsgRNA.raw,0.00088617066
3811,V3755sgRNA.raw,0.0008849422
3863,V3799sgRNA.raw,0.0008836401
4927,V588.ysgRNA.raw,0.00088189164
5005,V619.ysgRNA.raw,0.0008806222
497,V1236sgRNA.raw,0.0008796974
1963,V2327sgRNA.raw,0.0008792188
6050,p17trimer.Hlgap.eVEraw,0.000878674
3280,V3326sgRNA.raw,0.00087739044
2035,V2381sgRNA.raw,0.00087694085
2772,V293.ysgRNA.raw,0.00087581505
215,V1080.ysgRNA.raw,0.0008736758
3565,V3557sgRNA.raw,0.000872074
99,V1030.xsgRNA.raw,0.0008714646
4165,V4037sgRNA.raw,0.00087082986
5595,V864.xsgRNA.raw,0.00087004266
3640,V3616sgRNA.raw,0.00086952886
5175,V69.xsgRNA.raw,0.00086441444
5998,p14trimer.Hbond.stackingraw,0.000863343
2210,V251.ysgRNA.raw,0.0008600685
1054,V1651sgRNA.raw,0.0008597724
1077,V167.xsgRNA.raw,0.0008594931
4009,V3913sgRNA.raw,0.0008582657
637,V134.ysgRNA.raw,0.0008581881
6122,p3tetramer.Hbond.energyraw,0.00085566525
3389,V3413sgRNA.raw,0.00085548713
6099,p2dimer.Hbond.energyraw,0.0008552254
781,V1449sgRNA.raw,0.00085253885
4132,V401.xsgRNA.raw,0.00085205404
6123,p3tetramer.Hbond.stackingraw,0.00085027306
5488,V818.xsgRNA.raw,0.0008497708
6211,p8trimer.Hbond.energyraw,0.0008491476
3143,V3215sgRNA.raw,0.00084829045
3993,V390.ysgRNA.raw,0.000846619
813,V1472sgRNA.raw,0.0008453567
3665,V3637sgRNA.raw,0.00084525236
1793,V22.ysgRNA.raw,0.00084486435
6021,p16dimer.Hbond.energyraw,0.0008440806
6207,p8tetramer.Hbond.energyraw,0.0008437961
2409,V266.ysgRNA.raw,0.00084373384
1119,V17.ysgRNA.raw,0.00084177114
2089,V242.ysgRNA.raw,0.0008398789
1563,V2029sgRNA.raw,0.000839499
4192,V406.xsgRNA.raw,0.0008388856
5231,V710.ysgRNA.raw,0.0008374881
6143,p4trimer.Hbond.energyraw,0.0008371366
6185,p7dimer.Hbond.stackingraw,0.0008368697
807,V1469sgRNA.raw,0.000836754
1381,V1898sgRNA.raw,0.00083594874
1579,V204.ysgRNA.raw,0.0008356296
5745,V928.xsgRNA.raw,0.00083539163
1962,V2326sgRNA.raw,0.0008353655
2828,V2973sgRNA.raw,0.0008352129
6057,p18dimer.HLgap.eVEraw,0.0008341876
6201,p8dimer.Hbond.energyraw,0.0008316942
74,V102.xsgRNA.raw,0.00083146046
4756,V517.xsgRNA.raw,0.0008309198
3795,V3741sgRNA.raw,0.0008307176
6111,p2trimer.Hlgap.eVEraw,0.00083046703
5544,V841.ysgRNA.raw,0.0008302074
2611,V281.xsgRNA.raw,0.00083003944
2789,V2943sgRNA.raw,0.0008295801
4739,V51.xsgRNA.raw,0.0008289207
1616,V206sgRNA.raw,0.0008285792
1412,V1919sgRNA.raw,0.00082845107
3499,V3501sgRNA.raw,0.00082699617
1300,V1835sgRNA.raw,0.0008264898
4269,V412.ysgRNA.raw,0.0008251506
3345,V338.ysgRNA.raw,0.00082509994
4698,V494.xsgRNA.raw,0.0008247407
4741,V51.ysgRNA.raw,0.0008245759
1102,V168sgRNA.raw,0.00082280353
3428,V3446sgRNA.raw,0.00082268
3973,V3887sgRNA.raw,0.00082150486
6126,p3trimer.Hbond.energyraw,0.00082080887
5842,V97.xsgRNA.raw,0.0008201957
3693,V366.ysgRNA.raw,0.00081937615
735,V1412sgRNA.raw,0.00081931596
2084,V2417sgRNA.raw,0.00081902096
4979,V608.ysgRNA.raw,0.00081893196
3207,V3269sgRNA.raw,0.0008189036
1669,V2107sgRNA.raw,0.0008169499
1924,V23.x.xsgRNA.raw,0.0008169063
1698,V212sgRNA.raw,0.00081631343
5663,V893.ysgRNA.raw,0.0008158254
6089,p1trimer.Hlgap.eVEraw,0.0008155301
2824,V297.ysgRNA.raw,0.00081364525
1809,V2210sgRNA.raw,0.00081309595
3659,V3631sgRNA.raw,0.000812558
2108,V2435sgRNA.raw,0.0008113696
2234,V252sgRNA.raw,0.0008112929
3369,V34.xsgRNA.raw,0.0008107123
2612,V281.ysgRNA.raw,0.00081067637
3594,V3580sgRNA.raw,0.00080983795
6088,p1trimer.Hbond.stackingraw,0.00080974505
2797,V295.xsgRNA.raw,0.00080969516
5036,V631.xsgRNA.raw,0.000808186
2576,V2786sgRNA.raw,0.0008075371
950,V1575sgRNA.raw,0.0008070347
4757,V517.ysgRNA.raw,0.0008046959
4587,V448.ysgRNA.raw,0.00080029864
3796,V3742sgRNA.raw,0.00080010993
6213,p8trimer.Hlgap.eVEraw,0.0007998601
5978,p13tetramer.Hlgap.eVEraw,0.0007992563
992,V1604sgRNA.raw,0.0007981721
5040,V633.xsgRNA.raw,0.00079687056
3420,V344.xsgRNA.raw,0.00079555996
6208,p8tetramer.Hbond.stackingraw,0.0007954149
5347,V76.xsgRNA.raw,0.0007953256
242,V1092.ysgRNA.raw,0.0007950226
5055,V64.xsgRNA.raw,0.00079497474
5930,p10trimer.Hbond.stackingraw,0.00079299195
2547,V2763sgRNA.raw,0.0007921577
1558,V2024sgRNA.raw,0.0007915176
6077,p1dimer.Hbond.energyraw,0.00079128705
239,V1091.xsgRNA.raw,0.00079070363
5925,p10tetramer.Hbond.energyraw,0.00078949786
3336,V3372sgRNA.raw,0.00078927353
481,V1223sgRNA.raw,0.00078779436
5202,V70.x.xsgRNA.raw,0.00078645913
5668,V896.xsgRNA.raw,0.00078572455
111,V1036.xsgRNA.raw,0.0007852247
3378,V3404sgRNA.raw,0.00078439346
4058,V3954sgRNA.raw,0.00078409974
6209,p8tetramer.Hlgap.eVEraw,0.00078353536
511,V1247sgRNA.raw,0.0007833235
504,V1240sgRNA.raw,0.0007829292
711,V1398sgRNA.raw,0.00078207534
2938,V3051sgRNA.raw,0.00078025943
3429,V3447sgRNA.raw,0.00077998865
4339,V4179sgRNA.raw,0.00077967887
32,V1001.xsgRNA.raw,0.0007792169
771,V144.ysgRNA.raw,0.00077713036
5113,V663.ysgRNA.raw,0.00077679195
6012,p15tetramer.Hlgap.eVEraw,0.00077614916
2222,V252.xsgRNA.raw,0.0007761385
2217,V2516sgRNA.raw,0.00077516184
6079,p1dimer.HLgap.eVEraw,0.00077495765
297,V1115.xsgRNA.raw,0.0007747443
4955,V6.xsgRNA.raw,0.0007729192
1688,V2120sgRNA.raw,0.0007699095
1080,V1671sgRNA.raw,0.0007692132
5270,V728.xsgRNA.raw,0.0007689777
3975,V3889sgRNA.raw,0.0007684325
2911,V3030sgRNA.raw,0.00076759624
2478,V271.ysgRNA.raw,0.00076704076
1359,V188.ysgRNA.raw,0.00076644745
648,V134sgRNA.raw,0.0007652568
5810,V956.xsgRNA.raw,0.0007643843
680,V1373sgRNA.raw,0.0007627418
5938,p11dimer.HLgap.eVEraw,0.00076151267
2854,V2993sgRNA.raw,0.0007580908
5213,V703.ysgRNA.raw,0.0007579103
5982,p13trimer.Hlgap.eVEraw,0.0007575674
3136,V321.xsgRNA.raw,0.0007574408
6218,p9dimer.Hbond.energyraw,0.0007568206
867,V1510sgRNA.raw,0.0007568158
5356,V763.xsgRNA.raw,0.00075588416
169,V1060.ysgRNA.raw,0.0007546432
5963,p12trimer.Hbond.energyraw,0.0007538841
2661,V2849sgRNA.raw,0.0007536419
4486,V4298sgRNA.raw,0.00075357914
1164,V1733sgRNA.raw,0.0007520555
2376,V2635sgRNA.raw,0.00074770197
4709,V499.ysgRNA.raw,0.00074698724
4525,V4327sgRNA.raw,0.0007468012
2060,V24.y.ysgRNA.raw,0.00074611313
1305,V183sgRNA.raw,0.000746081
5927,p10tetramer.Hlgap.eVEraw,0.00074564625
5995,p14tetramer.Hlgap.eVEraw,0.0007400696
5129,V67.ysgRNA.raw,0.0007400538
4789,V53.ysgRNA.raw,0.0007392758
4758,V518.xsgRNA.raw,0.00073918526
1765,V218.ysgRNA.raw,0.0007391586
291,V1112.xsgRNA.raw,0.0007385299
1752,V217.ysgRNA.raw,0.00073759514
608,V1319sgRNA.raw,0.0007371458
722,V1402sgRNA.raw,0.000736522
6014,p15trimer.Hbond.energyraw,0.0007360723
2288,V257.ysgRNA.raw,0.000735994
5977,p13tetramer.Hbond.stackingraw,0.0007357445
3060,V315.ysgRNA.raw,0.00073540374
3501,V3503sgRNA.raw,0.0007352665
2435,V268.ysgRNA.raw,0.0007352534
467,V1212sgRNA.raw,0.00073480874
119,V103sgRNA.raw,0.0007340273
5751,V93.ysgRNA.raw,0.00073392637
6120,p3monomer.HLgap.eVraw,0.00073380605
1051,V165.xsgRNA.raw,0.00073236687
6140,p4tetramer.Hbond.stackingraw,0.00073200394
5572,V854.xsgRNA.raw,0.000729374
2686,V2868sgRNA.raw,0.0007281276
2017,V2369sgRNA.raw,0.0007274278
6117,p3dimer.Hbond.stackingraw,0.0007270052
2262,V255.ysgRNA.raw,0.00072670594
5919,p10dimer.Hbond.energyraw,0.0007262179
5875,V984.xsgRNA.raw,0.00072586443
3385,V341.ysgRNA.raw,0.0007255733
696,V1386sgRNA.raw,0.0007250985
6134,p4dimer.Hbond.stackingraw,0.00072361436
4074,V3968sgRNA.raw,0.00072328653
5948,p11trimer.Hlgap.eVEraw,0.0007221617
5947,p11trimer.Hbond.stackingraw,0.0007212787
3935,V3855sgRNA.raw,0.0007208332
2705,V2881sgRNA.raw,0.0007201652
3963,V3879sgRNA.raw,0.00071868306
1719,V2145sgRNA.raw,0.00071813655
190,V107.ysgRNA.raw,0.00071710645
2427,V2674sgRNA.raw,0.0007158602
2962,V3071sgRNA.raw,0.0007145811
67,V1017.xsgRNA.raw,0.000713778
5943,p11tetramer.Hbond.stackingraw,0.0007135518
5931,p10trimer.Hlgap.eVEraw,0.0007134525
2062,V240.xsgRNA.raw,0.0007118424
3736,V3696sgRNA.raw,0.00071150914
3065,V3154sgRNA.raw,0.00071086833
2729,V29.xsgRNA.raw,0.0007107148
4705,V497.ysgRNA.raw,0.00071059226
3682,V3650sgRNA.raw,0.00071018346
6161,p5trimer.Hbond.stackingraw,0.00070966815
3356,V339.xsgRNA.raw,0.0007096277
5624,V877.xsgRNA.raw,0.00070918794
3868,V380.xsgRNA.raw,0.0007084457
3209,V327.ysgRNA.raw,0.0007084064
5937,p11dimer.Hbond.stackingraw,0.0007080635
2561,V2774sgRNA.raw,0.0007074952
1107,V1692sgRNA.raw,0.00070737634
3361,V3393sgRNA.raw,0.0007065664
662,V136.xsgRNA.raw,0.000706554
6195,p7trimer.Hbond.stackingraw,0.0007058524
5936,p11dimer.Hbond.energyraw,0.0007045705
5999,p14trimer.Hlgap.eVEraw,0.00070387434
5274,V73.x.xsgRNA.raw,0.00070233137
6110,p2trimer.Hbond.stackingraw,0.00070217875
3045,V3138sgRNA.raw,0.00070192566
4031,V3931sgRNA.raw,0.00070126465
1332,V186.xsgRNA.raw,0.00069975
4233,V4093sgRNA.raw,0.000699433
4243,V41.ysgRNA.raw,0.0006992364
4916,V583.xsgRNA.raw,0.00069890585
4543,V4341sgRNA.raw,0.0006988099
5593,V863.xsgRNA.raw,0.00069841463
5761,V934.ysgRNA.raw,0.00069829717
2868,V30.y.ysgRNA.raw,0.0006981517
4225,V4087sgRNA.raw,0.0006972578
5920,p10dimer.Hbond.stackingraw,0.00069518044
6023,p16dimer.HLgap.eVEraw,0.00069379044
6175,p6tetramer.Hlgap.eVEraw,0.0006931821
3894,V3820sgRNA.raw,0.0006912468
5630,V87sgRNA.raw,0.00069089525
6107,p2tetramer.Hlgap.eVEraw,0.0006890646
5031,V63.xsgRNA.raw,0.00068884983
6160,p5trimer.Hbond.energyraw,0.0006886896
2043,V2389sgRNA.raw,0.0006883652
5578,V857.xsgRNA.raw,0.00068753556
4824,V545.xsgRNA.raw,0.00068549556
6196,p7trimer.Hlgap.eVEraw,0.00068545685
5958,p12monomer.No.electronsraw,0.0006849591
1302,V1837sgRNA.raw,0.00068480195
5546,V842.ysgRNA.raw,0.00068405154
1836,V2231sgRNA.raw,0.000683582
5380,V773.xsgRNA.raw,0.00068349065
5955,p12dimer.HLgap.eVEraw,0.0006820664
6162,p5trimer.Hlgap.eVEraw,0.0006814358
4867,V562.ysgRNA.raw,0.0006809125
69,V1018.xsgRNA.raw,0.0006807113
4937,V591.ysgRNA.raw,0.0006801719
6141,p4tetramer.Hlgap.eVEraw,0.00067876535
5227,V71.xsgRNA.raw,0.0006782779
6190,p7tetramer.Hbond.energyraw,0.00067823345
5760,V934.xsgRNA.raw,0.0006779922
6135,p4dimer.HLgap.eVEraw,0.00067748193
987,V160.ysgRNA.raw,0.0006764138
845,V1498sgRNA.raw,0.0006756298
4307,V4151sgRNA.raw,0.0006748613
832,V1488sgRNA.raw,0.00067381066
2546,V2762sgRNA.raw,0.0006713652
528,V126.xsgRNA.raw,0.0006705468
1071,V1665sgRNA.raw,0.0006702092
47,V1008.ysgRNA.raw,0.00066911825
718,V140.xsgRNA.raw,0.0006682449
3426,V3444sgRNA.raw,0.0006679032
6230,p9trimer.Hlgap.eVEraw,0.00066734717
2473,V2707sgRNA.raw,0.0006673448
3596,V3582sgRNA.raw,0.0006665943
6008,p15monomer.HLgap.eVraw,0.0006664159
3189,V3253sgRNA.raw,0.00066479144
17,sgRNA.structuresgRNA.raw,0.0006644409
6145,p4trimer.Hlgap.eVEraw,0.0006643596
1161,V1730sgRNA.raw,0.0006641329
6046,p17tetramer.Hlgap.eVEraw,0.0006634231
5964,p12trimer.Hbond.stackingraw,0.00066342024
6139,p4tetramer.Hbond.energyraw,0.0006628857
1100,V1688sgRNA.raw,0.0006628302
2380,V2639sgRNA.raw,0.0006621521
6085,p1tetramer.Hlgap.eVEraw,0.0006606896
6188,p7monomer.HLgap.eVraw,0.00065749005
5678,V9.xsgRNA.raw,0.0006555692
6179,p6trimer.Hlgap.eVEraw,0.0006524136
6192,p7tetramer.Hlgap.eVEraw,0.00065185514
3548,V3542sgRNA.raw,0.0006516929
14,GsgRNA.raw,0.00064878754
3334,V3370sgRNA.raw,0.0006478044
1525,V20.ysgRNA.raw,0.0006471675
1850,V2242sgRNA.raw,0.00064482685
6128,p3trimer.Hlgap.eVEraw,0.0006422385
5981,p13trimer.Hbond.stackingraw,0.00064220256
6191,p7tetramer.Hbond.stackingraw,0.00064200175
4870,V564.xsgRNA.raw,0.0006418068
5797,V95.ysgRNA.raw,0.00064177316
6167,p6dimer.Hbond.energyraw,0.0006404168
516,V125.ysgRNA.raw,0.00064041157
4615,V46.xsgRNA.raw,0.00063985377
6202,p8dimer.Hbond.stackingraw,0.0006396842
1331,V185sgRNA.raw,0.00063850783
3530,V3528sgRNA.raw,0.00063799607
2149,V2467sgRNA.raw,0.00063757075
6158,p5tetramer.Hlgap.eVEraw,0.0006356582
1933,V2303sgRNA.raw,0.00063356117
5954,p12dimer.Hbond.stackingraw,0.00063226494
20,TCsgRNA.raw,0.00063216704
1467,V196.ysgRNA.raw,0.00063079526
4907,V58.xsgRNA.raw,0.000629875
5288,V735.xsgRNA.raw,0.00062671443
31,V1000.ysgRNA.raw,0.0006263641
6198,p8basepair.Hbond.energyraw,0.0006255011
5303,V740.ysgRNA.raw,0.0006247971
3785,V3733sgRNA.raw,0.00062468165
6178,p6trimer.Hbond.stackingraw,0.00062181614
6212,p8trimer.Hbond.stackingraw,0.0006194924
6184,p7dimer.Hbond.energyraw,0.0006182414
1427,V193.xsgRNA.raw,0.0006181072
4245,V410.ysgRNA.raw,0.0006178421
2018,V236sgRNA.raw,0.00061653124
503,V124.ysgRNA.raw,0.0006161903
3692,V366.xsgRNA.raw,0.0006155385
6084,p1tetramer.Hbond.stackingraw,0.0006150866
2495,V2723sgRNA.raw,0.0006138366
207,V1078.xsgRNA.raw,0.0006134469
2154,V247.ysgRNA.raw,0.0006133984
2847,V2989sgRNA.raw,0.0006116324
1999,V2354sgRNA.raw,0.0006104053
185,V1068.ysgRNA.raw,0.0006047006
4546,V4344sgRNA.raw,0.00060464384
6059,p18monomer.HLgap.eVraw,0.0006038351
5921,p10dimer.HLgap.eVEraw,0.0006014067
3444,V346.xsgRNA.raw,0.0006005869
1581,V2041sgRNA.raw,0.00060051953
23,TTsgRNA.raw,0.0006003383
5350,V760.xsgRNA.raw,0.0005975169
6172,p6monomer.No.electronsraw,0.00059665757
809,V147.xsgRNA.raw,0.0005947123
6016,p15trimer.Hlgap.eVEraw,0.00059333426
251,V1097.xsgRNA.raw,0.00059326383
952,V1577sgRNA.raw,0.00059217564
5940,p11monomer.HLgap.eVraw,0.0005912063
6100,p2dimer.Hbond.stackingraw,0.0005911656
2140,V246.xsgRNA.raw,0.0005890892
5944,p11tetramer.Hlgap.eVEraw,0.00058527
1273,V1814sgRNA.raw,0.0005844552
778,V1446sgRNA.raw,0.0005842885
5443,V8.xsgRNA.raw,0.00058425305
5328,V751.xsgRNA.raw,0.0005841461
6177,p6trimer.Hbond.energyraw,0.0005835898
5929,p10trimer.Hbond.energyraw,0.0005814311
6219,p9dimer.Hbond.stackingraw,0.0005800325
2970,V3079sgRNA.raw,0.0005740409
6106,p2tetramer.Hbond.stackingraw,0.0005719114
4660,V479.xsgRNA.raw,0.00056976714
4129,V4007sgRNA.raw,0.00056942616
6113,p3basepair.Hbond.energyraw,0.00056899973
5988,p14dimer.Hbond.stackingraw,0.0005686983
2421,V267.xsgRNA.raw,0.00056858745
2567,V277sgRNA.raw,0.0005632116
108,V1034.ysgRNA.raw,0.00056046055
6124,p3tetramer.Hlgap.eVEraw,0.0005593531
6186,p7dimer.HLgap.eVEraw,0.0005565281
1869,V2258sgRNA.raw,0.00055624306
1238,V179.ysgRNA.raw,0.0005501391
4985,V61.ysgRNA.raw,0.0005497691
5926,p10tetramer.Hbond.stackingraw,0.00054788886
4420,V4242sgRNA.raw,0.0005476254
4582,V446.xsgRNA.raw,0.00054601557
5156,V681.xsgRNA.raw,0.0005434667
6203,p8dimer.HLgap.eVEraw,0.00054190884
5915,PAM.T0,0.00053831335
5198,V7.x.xsgRNA.raw,0.0005361757
6226,p9tetramer.Hlgap.eVEraw,0.0005360998
5205,V70.ysgRNA.raw,0.0005334232
415,V1176sgRNA.raw,0.0005301257
6168,p6dimer.Hbond.stackingraw,0.0005282998
4957,V6.ysgRNA.raw,0.0005276703
4762,V52.x.xsgRNA.raw,0.00052718696
5555,V847.xsgRNA.raw,0.00052504434
9,CsgRNA.raw,0.00052483217
6157,p5tetramer.Hbond.stackingraw,0.00052306295
6220,p9dimer.HLgap.eVEraw,0.00052215887
6173,p6tetramer.Hbond.energyraw,0.0005207018
1220,V1777sgRNA.raw,0.0005187274
3464,V3476sgRNA.raw,0.00051711604
6156,p5tetramer.Hbond.energyraw,0.000507217
738,V1415sgRNA.raw,0.0005050048
5911,PAM.A0,0.0005043768
636,V134.xsgRNA.raw,0.00050213205
6040,p17dimer.HLgap.eVEraw,0.00050092983
3442,V3458sgRNA.raw,0.00049448595
6194,p7trimer.Hbond.energyraw,0.00049399043
4668,V481.xsgRNA.raw,0.0004906349
2698,V2877sgRNA.raw,0.00048946205
5985,p14basepair.Hlgap.eVEraw,0.0004891258
603,V1314sgRNA.raw,0.000485764
5640,V883.ysgRNA.raw,0.00047643294
1117,V17.xsgRNA.raw,0.00047634327
5517,V83.ysgRNA.raw,0.00047249137
635,V133sgRNA.raw,0.00047182944
5913,pam.distance0,0.00046711994
1064,V166.xsgRNA.raw,0.00046615006
5989,p14dimer.HLgap.eVEraw,0.00046613326
5959,p12tetramer.Hbond.energyraw,0.00046550145
1306,V184.xsgRNA.raw,0.00046403744
2103,V2430sgRNA.raw,0.00046216024
2922,V304.xsgRNA.raw,0.00046201097
4504,V431.xsgRNA.raw,0.00046056384
6150,p5dimer.Hbond.energyraw,0.00045991605
8,CGsgRNA.raw,0.0004571011
1928,V230.xsgRNA.raw,0.00045608144
6118,p3dimer.HLgap.eVEraw,0.00045484328
178,V1065.xsgRNA.raw,0.00045446426
25,V10.xsgRNA.raw,0.0004543531
28,V100.xsgRNA.raw,0.0004514499
5957,p12monomer.HLgap.eVraw,0.0004444629
547,V1274sgRNA.raw,0.0004440767
4814,V540.xsgRNA.raw,0.00044243358
6152,p5dimer.HLgap.eVEraw,0.00044218774
2798,V295.ysgRNA.raw,0.0004369657
354,V114.xsgRNA.raw,0.0004347471
12,GCsgRNA.raw,0.0004270542
4663,V48.xsgRNA.raw,0.0004267058
1878,V2264sgRNA.raw,0.00042508496
5151,V68.xsgRNA.raw,0.0004215128
6065,p19basepair.Hbond.energyraw,0.0004211891
4717,V50.ysgRNA.raw,0.00041888666
2141,V246.ysgRNA.raw,0.00041715542
2622,V2819sgRNA.raw,0.00041319008
6082,p1monomer.No.electronsraw,0.00041085665
688,V138.xsgRNA.raw,0.00040691567
6075,p1basepair.Hlgap.eVEraw,0.0004068996
6171,p6monomer.HLgap.eVraw,0.00040396902
5458,V804.xsgRNA.raw,0.00039745506
1808,V221.ysgRNA.raw,0.00039618072
3632,V361.xsgRNA.raw,0.00039534605
11,GAsgRNA.raw,0.00039287953
1172,V174.xsgRNA.raw,0.00039118572
675,V137.xsgRNA.raw,0.00038891294
5971,p13dimer.Hbond.stackingraw,0.00038444586
583,V13.ysgRNA.raw,0.00038248935
1211,V177.xsgRNA.raw,0.00038210646
2356,V262.xsgRNA.raw,0.00037049374
29,V100.ysgRNA.raw,0.00036811334
4614,V46.x.xsgRNA.raw,0.00036525258
2330,V260.xsgRNA.raw,0.00035542095
611,V132.ysgRNA.raw,0.00035281864
4948,V597.xsgRNA.raw,0.00035184805
5349,V76.ysgRNA.raw,0.0003503985
19,TAsgRNA.raw,0.0003497179
3751,V3705sgRNA.raw,0.00034889817
283,V1109.ysgRNA.raw,0.00034865324
2088,V242.xsgRNA.raw,0.00034517594
15,GTsgRNA.raw,0.0003431956
4959,V60.xsgRNA.raw,0.00032464022
1385,V19.xsgRNA.raw,0.00032261384
1657,V21.xsgRNA.raw,0.0003217361
6169,p6dimer.HLgap.eVEraw,0.0003210885
3619,V36.ysgRNA.raw,0.00031520444
6137,p4monomer.HLgap.eVraw,0.00031200922
505,V1241sgRNA.raw,0.00031142842
381,V1151.xsgRNA.raw,0.00030050724
1578,V204.xsgRNA.raw,0.00029085696
1607,V2061sgRNA.raw,0.0002899809
105,V1033.xsgRNA.raw,0.00028627418
4113,V4.xsgRNA.raw,0.0002850315
3014,V3111sgRNA.raw,0.0002825939
4567,V44.xsgRNA.raw,0.0002825632
2153,V247.xsgRNA.raw,0.0002788395
176,V1064.xsgRNA.raw,0.00027789435
572,V1293sgRNA.raw,0.00027658915
4,AsgRNA.raw,0.00027519334
757,V143.xsgRNA.raw,0.00026440647
531,V1261sgRNA.raw,0.0002631989
2032,V238.xsgRNA.raw,0.00025885165
2863,V3.xsgRNA.raw,0.00024829444
449,V12.ysgRNA.raw,0.00024331824
434,V119.ysgRNA.raw,0.00024207676
44,V1007.xsgRNA.raw,0.00023441981
5030,V63.x.xsgRNA.raw,0.00022971004
1387,V19.ysgRNA.raw,0.0002273294
189,V107.xsgRNA.raw,0.00022631606
878,V152.xsgRNA.raw,0.00022451411
3493,V35.xsgRNA.raw,0.00022237703
2702,V288.xsgRNA.raw,0.00022106933
2059,V24.xsgRNA.raw,0.0002195667
5395,V78.xsgRNA.raw,0.0002158889
27,V10.ysgRNA.raw,0.00020572527
1267,V181.xsgRNA.raw,0.00020484725
5,ATsgRNA.raw,0.0002031582
610,V132.xsgRNA.raw,0.00020172233
6074,p1basepair.Hbond.energyraw,0.00019243828
2,ACsgRNA.raw,0.00016953568
5950,p12basepair.Hbond.energyraw,0.00016481623
4639,V47.xsgRNA.raw,0.0001626002
489,V123.xsgRNA.raw,0.00016221259
97,V103.xsgRNA.raw,0.00015917046
309,V112.ysgRNA.raw,0.00015863022
1818,V2219sgRNA.raw,0.00015483721
3,AGsgRNA.raw,0.00015338277
1846,V224.xsgRNA.raw,0.00015055046
1,AAsgRNA.raw,0.00014764778
1911,V229.xsgRNA.raw,0.00014688562
285,V111.xsgRNA.raw,0.00014628551
770,V144.xsgRNA.raw,0.00014627299
10,CTsgRNA.raw,0.00014416645
1521,V2.ysgRNA.raw,0.0001422896
615,V1323sgRNA.raw,0.00014048057
1519,V2.xsgRNA.raw,0.0001354991
196,V1072.ysgRNA.raw,0.00013347775
342,V1134.ysgRNA.raw,0.00013160871
1254,V180.xsgRNA.raw,0.00013111
731,V141.xsgRNA.raw,0.00013096759
130,V1044.xsgRNA.raw,0.00012862067
1539,V201.xsgRNA.raw,0.00012610685
1039,V164.ysgRNA.raw,0.00012412331
1833,V223.xsgRNA.raw,0.00012033545
153,V1054.xsgRNA.raw,0.00012010942
2193,V25.xsgRNA.raw,0.000119760705
21,TGsgRNA.raw,0.00011526868
2836,V298.xsgRNA.raw,0.00011291295
4954,V6.x.xsgRNA.raw,0.00011164823
433,V119.xsgRNA.raw,0.00010805414
6,CAsgRNA.raw,0.00010401561
1764,V218.xsgRNA.raw,0.000103568724
1604,V206.xsgRNA.raw,0.0001019154
1967,V233.xsgRNA.raw,0.00010133502
24,V10.x.xsgRNA.raw,9.584512e-05
6019,p16basepair.Hlgap.eVEraw,9.557704e-05
6081,p1monomer.HLgap.eVraw,9.3252616e-05
2216,V2515sgRNA.raw,8.9876165e-05
259,V11.xsgRNA.raw,8.7566674e-05
229,V1087.ysgRNA.raw,8.241315e-05
4489,V43.xsgRNA.raw,6.98967e-05
355,V114.ysgRNA.raw,6.975961e-05
1660,V210.xsgRNA.raw,6.8132154e-05
849,V15.xsgRNA.raw,6.656156e-05
1146,V172.xsgRNA.raw,6.608544e-05
623,V133.xsgRNA.raw,5.1517425e-05
1159,V173.xsgRNA.raw,5.0845672e-05
581,V13.xsgRNA.raw,4.8422444e-05
2555,V277.xsgRNA.raw,4.7924474e-05
4591,V45.xsgRNA.raw,4.5486733e-05
117,V1039.xsgRNA.raw,3.5440306e-05
745,V142.ysgRNA.raw,3.0613868e-05
1160,V173.ysgRNA.raw,2.462534e-05
4811,V54.xsgRNA.raw,2.2045797e-05
143,V105.xsgRNA.raw,1.8563807e-05
1253,V18.ysgRNA.raw,1.5900616e-05
3865,V38.xsgRNA.raw,8.561908e-06
1224,V178.xsgRNA.raw,3.3636154e-06
4093,V3983sgRNA.raw,0.0
4148,V4022sgRNA.raw,0.0
4136,V4012sgRNA.raw,0.0
4094,V3984sgRNA.raw,0.0
4187,V4055sgRNA.raw,0.0
4092,V3982sgRNA.raw,0.0
4126,V4004sgRNA.raw,0.0
4186,V4054sgRNA.raw,0.0
4523,V4325sgRNA.raw,0.0
4184,V4052sgRNA.raw,0.0
4183,V4051sgRNA.raw,0.0
4454,V4270sgRNA.raw,0.0
4517,V432.ysgRNA.raw,0.0
4185,V4053sgRNA.raw,0.0
4152,V4026sgRNA.raw,0.0
4188,V4056sgRNA.raw,0.0
4524,V4326sgRNA.raw,0.0
4196,V4062sgRNA.raw,0.0
4087,V3979sgRNA.raw,0.0
4086,V3978sgRNA.raw,0.0
4197,V4063sgRNA.raw,0.0
4456,V4272sgRNA.raw,0.0
4198,V4064sgRNA.raw,0.0
4084,V3976sgRNA.raw,0.0
4194,V4060sgRNA.raw,0.0
4083,V3975sgRNA.raw,0.0
4199,V4065sgRNA.raw,0.0
4082,V3974sgRNA.raw,0.0
4133,V401.ysgRNA.raw,0.0
4130,V4008sgRNA.raw,0.0
4081,V3973sgRNA.raw,0.0
4516,V432.xsgRNA.raw,0.0
4193,V406.ysgRNA.raw,0.0
4189,V4057sgRNA.raw,0.0
4453,V427.ysgRNA.raw,0.0
4458,V4274sgRNA.raw,0.0
4467,V4281sgRNA.raw,0.0
4091,V3981sgRNA.raw,0.0
4127,V4005sgRNA.raw,0.0
4090,V3980sgRNA.raw,0.0
4190,V4058sgRNA.raw,0.0
4182,V4050sgRNA.raw,0.0
4460,V4276sgRNA.raw,0.0
4135,V4011sgRNA.raw,0.0
4459,V4275sgRNA.raw,0.0
4191,V4059sgRNA.raw,0.0
4134,V4010sgRNA.raw,0.0
4088,V398.xsgRNA.raw,0.0
4526,V4328sgRNA.raw,0.0
4089,V398.ysgRNA.raw,0.0
4139,V4015sgRNA.raw,0.0
4149,V4023sgRNA.raw,0.0
4166,V4038sgRNA.raw,0.0
4466,V4280sgRNA.raw,0.0
4141,V4017sgRNA.raw,0.0
4121,V400.ysgRNA.raw,0.0
4114,V4.y.ysgRNA.raw,0.0
4112,V4.x.xsgRNA.raw,0.0
4163,V4035sgRNA.raw,0.0
4111,V3999sgRNA.raw,0.0
4462,V4278sgRNA.raw,0.0
4110,V3998sgRNA.raw,0.0
4109,V3997sgRNA.raw,0.0
4108,V3996sgRNA.raw,0.0
4520,V4322sgRNA.raw,0.0
4107,V3995sgRNA.raw,0.0
4131,V4009sgRNA.raw,0.0
4106,V3994sgRNA.raw,0.0
4164,V4036sgRNA.raw,0.0
4461,V4277sgRNA.raw,0.0
4521,V4323sgRNA.raw,0.0
4142,V4018sgRNA.raw,0.0
4162,V4034sgRNA.raw,0.0
4145,V402.ysgRNA.raw,0.0
4154,V4028sgRNA.raw,0.0
4120,V400.xsgRNA.raw,0.0
4146,V4020sgRNA.raw,0.0
4116,V40.x.xsgRNA.raw,0.0
4155,V4029sgRNA.raw,0.0
4156,V403.xsgRNA.raw,0.0
4157,V403.ysgRNA.raw,0.0
4144,V402.xsgRNA.raw,0.0
4161,V4033sgRNA.raw,0.0
4158,V4030sgRNA.raw,0.0
4115,V4.ysgRNA.raw,0.0
4147,V4021sgRNA.raw,0.0
4159,V4031sgRNA.raw,0.0
4455,V4271sgRNA.raw,0.0
4160,V4032sgRNA.raw,0.0
4143,V4019sgRNA.raw,0.0
4105,V3993sgRNA.raw,0.0
4167,V4039sgRNA.raw,0.0
4181,V405.ysgRNA.raw,0.0
4168,V404.xsgRNA.raw,0.0
4457,V4273sgRNA.raw,0.0
4176,V4046sgRNA.raw,0.0
4177,V4047sgRNA.raw,0.0
4178,V4048sgRNA.raw,0.0
4100,V399.xsgRNA.raw,0.0
4153,V4027sgRNA.raw,0.0
4138,V4014sgRNA.raw,0.0
4099,V3989sgRNA.raw,0.0
4098,V3988sgRNA.raw,0.0
4097,V3987sgRNA.raw,0.0
4151,V4025sgRNA.raw,0.0
4463,V4279sgRNA.raw,0.0
4137,V4013sgRNA.raw,0.0
4096,V3986sgRNA.raw,0.0
4150,V4024sgRNA.raw,0.0
4180,V405.xsgRNA.raw,0.0
4095,V3985sgRNA.raw,0.0
4125,V4003sgRNA.raw,0.0
4119,V40.ysgRNA.raw,0.0
4522,V4324sgRNA.raw,0.0
4103,V3991sgRNA.raw,0.0
4527,V4329sgRNA.raw,0.0
4169,V404.ysgRNA.raw,0.0
4170,V4040sgRNA.raw,0.0
4171,V4041sgRNA.raw,0.0
4519,V4321sgRNA.raw,0.0
4104,V3992sgRNA.raw,0.0
4518,V4320sgRNA.raw,0.0
4172,V4042sgRNA.raw,0.0
4117,V40.xsgRNA.raw,0.0
4122,V4000sgRNA.raw,0.0
4174,V4044sgRNA.raw,0.0
4123,V4001sgRNA.raw,0.0
4102,V3990sgRNA.raw,0.0
4124,V4002sgRNA.raw,0.0
4101,V399.ysgRNA.raw,0.0
4140,V4016sgRNA.raw,0.0
4118,V40.y.ysgRNA.raw,0.0
4429,V425.ysgRNA.raw,0.0
4452,V427.xsgRNA.raw,0.0
4434,V4254sgRNA.raw,0.0
4342,V4180sgRNA.raw,0.0
4344,V4182sgRNA.raw,0.0
4438,V4258sgRNA.raw,0.0
4346,V4184sgRNA.raw,0.0
4347,V4185sgRNA.raw,0.0
4348,V4186sgRNA.raw,0.0
4437,V4257sgRNA.raw,0.0
4349,V4187sgRNA.raw,0.0
4350,V4188sgRNA.raw,0.0
4352,V419.xsgRNA.raw,0.0
4436,V4256sgRNA.raw,0.0
4353,V419.ysgRNA.raw,0.0
4354,V4190sgRNA.raw,0.0
4484,V4296sgRNA.raw,0.0
4356,V4192sgRNA.raw,0.0
4340,V418.xsgRNA.raw,0.0
4433,V4253sgRNA.raw,0.0
4357,V4193sgRNA.raw,0.0
4358,V4194sgRNA.raw,0.0
4359,V4195sgRNA.raw,0.0
4360,V4196sgRNA.raw,0.0
4361,V4197sgRNA.raw,0.0
4362,V4198sgRNA.raw,0.0
4364,V42.x.xsgRNA.raw,0.0
4483,V4295sgRNA.raw,0.0
4432,V4252sgRNA.raw,0.0
4366,V42.y.ysgRNA.raw,0.0
4367,V42.ysgRNA.raw,0.0
4080,V3972sgRNA.raw,0.0
4368,V420.xsgRNA.raw,0.0
4341,V418.ysgRNA.raw,0.0
4485,V4297sgRNA.raw,0.0
4370,V4200sgRNA.raw,0.0
4327,V4169sgRNA.raw,0.0
4316,V416.xsgRNA.raw,0.0
4317,V416.ysgRNA.raw,0.0
4318,V4160sgRNA.raw,0.0
4319,V4161sgRNA.raw,0.0
4320,V4162sgRNA.raw,0.0
4490,V43.y.ysgRNA.raw,0.0
4442,V4260sgRNA.raw,0.0
4321,V4163sgRNA.raw,0.0
4322,V4164sgRNA.raw,0.0
4323,V4165sgRNA.raw,0.0
4324,V4166sgRNA.raw,0.0
4441,V426.ysgRNA.raw,0.0
4325,V4167sgRNA.raw,0.0
4326,V4168sgRNA.raw,0.0
4328,V417.xsgRNA.raw,0.0
4439,V4259sgRNA.raw,0.0
4329,V417.ysgRNA.raw,0.0
4330,V4170sgRNA.raw,0.0
4488,V43.x.xsgRNA.raw,0.0
4331,V4171sgRNA.raw,0.0
4332,V4172sgRNA.raw,0.0
4472,V4286sgRNA.raw,0.0
4440,V426.xsgRNA.raw,0.0
4333,V4173sgRNA.raw,0.0
4473,V4287sgRNA.raw,0.0
4334,V4174sgRNA.raw,0.0
4335,V4175sgRNA.raw,0.0
4336,V4176sgRNA.raw,0.0
4337,V4177sgRNA.raw,0.0
4338,V4178sgRNA.raw,0.0
4369,V420.ysgRNA.raw,0.0
4371,V4201sgRNA.raw,0.0
4492,V430.xsgRNA.raw,0.0
4412,V4236sgRNA.raw,0.0
4402,V4228sgRNA.raw,0.0
4430,V4250sgRNA.raw,0.0
4403,V4229sgRNA.raw,0.0
4404,V423.xsgRNA.raw,0.0
4477,V429.ysgRNA.raw,0.0
4476,V429.xsgRNA.raw,0.0
4475,V4289sgRNA.raw,0.0
4405,V423.ysgRNA.raw,0.0
4406,V4230sgRNA.raw,0.0
4407,V4231sgRNA.raw,0.0
4408,V4232sgRNA.raw,0.0
4409,V4233sgRNA.raw,0.0
4410,V4234sgRNA.raw,0.0
4411,V4235sgRNA.raw,0.0
4413,V4237sgRNA.raw,0.0
4400,V4226sgRNA.raw,0.0
4414,V4238sgRNA.raw,0.0
4415,V4239sgRNA.raw,0.0
4416,V424.xsgRNA.raw,0.0
4417,V424.ysgRNA.raw,0.0
4418,V4240sgRNA.raw,0.0
4419,V4241sgRNA.raw,0.0
4421,V4243sgRNA.raw,0.0
4422,V4244sgRNA.raw,0.0
4423,V4245sgRNA.raw,0.0
4424,V4246sgRNA.raw,0.0
4425,V4247sgRNA.raw,0.0
4426,V4248sgRNA.raw,0.0
4427,V4249sgRNA.raw,0.0
4428,V425.xsgRNA.raw,0.0
4401,V4227sgRNA.raw,0.0
4399,V4225sgRNA.raw,0.0
4372,V4202sgRNA.raw,0.0
4386,V4214sgRNA.raw,0.0
4373,V4203sgRNA.raw,0.0
4482,V4294sgRNA.raw,0.0
4374,V4204sgRNA.raw,0.0
4375,V4205sgRNA.raw,0.0
4376,V4206sgRNA.raw,0.0
4377,V4207sgRNA.raw,0.0
4378,V4208sgRNA.raw,0.0
4379,V4209sgRNA.raw,0.0
4481,V4293sgRNA.raw,0.0
4380,V421.xsgRNA.raw,0.0
4381,V421.ysgRNA.raw,0.0
4382,V4210sgRNA.raw,0.0
4383,V4211sgRNA.raw,0.0
4385,V4213sgRNA.raw,0.0
4480,V4292sgRNA.raw,0.0
4398,V4224sgRNA.raw,0.0
4387,V4215sgRNA.raw,0.0
4388,V4216sgRNA.raw,0.0
4389,V4217sgRNA.raw,0.0
4390,V4218sgRNA.raw,0.0
4479,V4291sgRNA.raw,0.0
4391,V4219sgRNA.raw,0.0
4392,V422.xsgRNA.raw,0.0
4393,V422.ysgRNA.raw,0.0
4431,V4251sgRNA.raw,0.0
4394,V4220sgRNA.raw,0.0
4395,V4221sgRNA.raw,0.0
4396,V4222sgRNA.raw,0.0
4478,V4290sgRNA.raw,0.0
4397,V4223sgRNA.raw,0.0
4491,V43.ysgRNA.raw,0.0
4315,V4159sgRNA.raw,0.0
4451,V4269sgRNA.raw,0.0
4505,V431.ysgRNA.raw,0.0
4510,V4314sgRNA.raw,0.0
4231,V4091sgRNA.raw,0.0
4232,V4092sgRNA.raw,0.0
4509,V4313sgRNA.raw,0.0
4234,V4094sgRNA.raw,0.0
4449,V4267sgRNA.raw,0.0
4235,V4095sgRNA.raw,0.0
4507,V4311sgRNA.raw,0.0
4236,V4096sgRNA.raw,0.0
4237,V4097sgRNA.raw,0.0
4238,V4098sgRNA.raw,0.0
4506,V4310sgRNA.raw,0.0
4240,V41.x.xsgRNA.raw,0.0
4242,V41.y.ysgRNA.raw,0.0
4244,V410.xsgRNA.raw,0.0
4229,V409.ysgRNA.raw,0.0
4246,V4100sgRNA.raw,0.0
4247,V4101sgRNA.raw,0.0
4248,V4102sgRNA.raw,0.0
4448,V4266sgRNA.raw,0.0
4250,V4104sgRNA.raw,0.0
4251,V4105sgRNA.raw,0.0
4252,V4106sgRNA.raw,0.0
4253,V4107sgRNA.raw,0.0
4447,V4265sgRNA.raw,0.0
4254,V4108sgRNA.raw,0.0
4255,V4109sgRNA.raw,0.0
4474,V4288sgRNA.raw,0.0
4256,V411.xsgRNA.raw,0.0
4257,V411.ysgRNA.raw,0.0
4230,V4090sgRNA.raw,0.0
4511,V4315sgRNA.raw,0.0
4446,V4264sgRNA.raw,0.0
4514,V4318sgRNA.raw,0.0
4200,V4066sgRNA.raw,0.0
4450,V4268sgRNA.raw,0.0
4201,V4067sgRNA.raw,0.0
4202,V4068sgRNA.raw,0.0
4203,V4069sgRNA.raw,0.0
4204,V407.xsgRNA.raw,0.0
4205,V407.ysgRNA.raw,0.0
4206,V4070sgRNA.raw,0.0
4207,V4071sgRNA.raw,0.0
4515,V4319sgRNA.raw,0.0
4209,V4073sgRNA.raw,0.0
4210,V4074sgRNA.raw,0.0
4211,V4075sgRNA.raw,0.0
4212,V4076sgRNA.raw,0.0
4213,V4077sgRNA.raw,0.0
4226,V4088sgRNA.raw,0.0
4513,V4317sgRNA.raw,0.0
4214,V4078sgRNA.raw,0.0
4215,V4079sgRNA.raw,0.0
4512,V4316sgRNA.raw,0.0
4216,V408.xsgRNA.raw,0.0
4217,V408.ysgRNA.raw,0.0
4218,V4080sgRNA.raw,0.0
4219,V4081sgRNA.raw,0.0
4220,V4082sgRNA.raw,0.0
4221,V4083sgRNA.raw,0.0
4222,V4084sgRNA.raw,0.0
4223,V4085sgRNA.raw,0.0
4468,V4282sgRNA.raw,0.0
4224,V4086sgRNA.raw,0.0
4258,V4110sgRNA.raw,0.0
4259,V4111sgRNA.raw,0.0
4314,V4158sgRNA.raw,0.0
4301,V4147sgRNA.raw,0.0
4291,V4139sgRNA.raw,0.0
4292,V414.xsgRNA.raw,0.0
4444,V4262sgRNA.raw,0.0
4293,V414.ysgRNA.raw,0.0
4294,V4140sgRNA.raw,0.0
4295,V4141sgRNA.raw,0.0
4296,V4142sgRNA.raw,0.0
4297,V4143sgRNA.raw,0.0
4498,V4304sgRNA.raw,0.0
4497,V4303sgRNA.raw,0.0
4470,V4284sgRNA.raw,0.0
4496,V4302sgRNA.raw,0.0
4298,V4144sgRNA.raw,0.0
4300,V4146sgRNA.raw,0.0
4302,V4148sgRNA.raw,0.0
4289,V4137sgRNA.raw,0.0
4303,V4149sgRNA.raw,0.0
4304,V415.xsgRNA.raw,0.0
4495,V4301sgRNA.raw,0.0
4494,V4300sgRNA.raw,0.0
4305,V415.ysgRNA.raw,0.0
4306,V4150sgRNA.raw,0.0
4308,V4152sgRNA.raw,0.0
4309,V4153sgRNA.raw,0.0
4310,V4154sgRNA.raw,0.0
4311,V4155sgRNA.raw,0.0
4312,V4156sgRNA.raw,0.0
4493,V430.ysgRNA.raw,0.0
4443,V4261sgRNA.raw,0.0
4471,V4285sgRNA.raw,0.0
4290,V4138sgRNA.raw,0.0
4288,V4136sgRNA.raw,0.0
4260,V4112sgRNA.raw,0.0
4272,V4122sgRNA.raw,0.0
4261,V4113sgRNA.raw,0.0
4262,V4114sgRNA.raw,0.0
4502,V4308sgRNA.raw,0.0
4501,V4307sgRNA.raw,0.0
4263,V4115sgRNA.raw,0.0
4264,V4116sgRNA.raw,0.0
4445,V4263sgRNA.raw,0.0
4266,V4118sgRNA.raw,0.0
4469,V4283sgRNA.raw,0.0
4267,V4119sgRNA.raw,0.0
4268,V412.xsgRNA.raw,0.0
4270,V4120sgRNA.raw,0.0
4464,V428.xsgRNA.raw,0.0
4271,V4121sgRNA.raw,0.0
4273,V4123sgRNA.raw,0.0
4287,V4135sgRNA.raw,0.0
4274,V4124sgRNA.raw,0.0
4275,V4125sgRNA.raw,0.0
4276,V4126sgRNA.raw,0.0
4277,V4127sgRNA.raw,0.0
4278,V4128sgRNA.raw,0.0
4500,V4306sgRNA.raw,0.0
4280,V413.xsgRNA.raw,0.0
4281,V413.ysgRNA.raw,0.0
4282,V4130sgRNA.raw,0.0
4283,V4131sgRNA.raw,0.0
4284,V4132sgRNA.raw,0.0
4285,V4133sgRNA.raw,0.0
4499,V4305sgRNA.raw,0.0
4286,V4134sgRNA.raw,0.0
4465,V428.ysgRNA.raw,0.0
3840,V378.xsgRNA.raw,0.0
4079,V3971sgRNA.raw,0.0
3573,V3563sgRNA.raw,0.0
3592,V358.xsgRNA.raw,0.0
3591,V3579sgRNA.raw,0.0
3590,V3578sgRNA.raw,0.0
3589,V3577sgRNA.raw,0.0
3588,V3576sgRNA.raw,0.0
3587,V3575sgRNA.raw,0.0
3586,V3574sgRNA.raw,0.0
3585,V3573sgRNA.raw,0.0
3584,V3572sgRNA.raw,0.0
3583,V3571sgRNA.raw,0.0
3582,V3570sgRNA.raw,0.0
3581,V357.ysgRNA.raw,0.0
3580,V357.xsgRNA.raw,0.0
3579,V3569sgRNA.raw,0.0
3578,V3568sgRNA.raw,0.0
3577,V3567sgRNA.raw,0.0
3576,V3566sgRNA.raw,0.0
3593,V358.ysgRNA.raw,0.0
3595,V3581sgRNA.raw,0.0
3597,V3583sgRNA.raw,0.0
3609,V3593sgRNA.raw,0.0
3616,V36.x.xsgRNA.raw,0.0
3615,V3599sgRNA.raw,0.0
3614,V3598sgRNA.raw,0.0
3613,V3597sgRNA.raw,0.0
3612,V3596sgRNA.raw,0.0
3611,V3595sgRNA.raw,0.0
3610,V3594sgRNA.raw,0.0
3608,V3592sgRNA.raw,0.0
3600,V3586sgRNA.raw,0.0
3607,V3591sgRNA.raw,0.0
3606,V3590sgRNA.raw,0.0
3605,V359.ysgRNA.raw,0.0
3604,V359.xsgRNA.raw,0.0
3603,V3589sgRNA.raw,0.0
3602,V3588sgRNA.raw,0.0
3601,V3587sgRNA.raw,0.0
3575,V3565sgRNA.raw,0.0
3572,V3562sgRNA.raw,0.0
3526,V3524sgRNA.raw,0.0
3571,V3561sgRNA.raw,0.0
3546,V3540sgRNA.raw,0.0
3545,V354.ysgRNA.raw,0.0
3544,V354.xsgRNA.raw,0.0
3543,V3539sgRNA.raw,0.0
3542,V3538sgRNA.raw,0.0
3541,V3537sgRNA.raw,0.0
3540,V3536sgRNA.raw,0.0
3539,V3535sgRNA.raw,0.0
3538,V3534sgRNA.raw,0.0
3537,V3533sgRNA.raw,0.0
3536,V3532sgRNA.raw,0.0
3535,V3531sgRNA.raw,0.0
3534,V3530sgRNA.raw,0.0
3532,V353.xsgRNA.raw,0.0
3531,V3529sgRNA.raw,0.0
3529,V3527sgRNA.raw,0.0
3528,V3526sgRNA.raw,0.0
3547,V3541sgRNA.raw,0.0
3549,V3543sgRNA.raw,0.0
3550,V3544sgRNA.raw,0.0
3561,V3553sgRNA.raw,0.0
3570,V3560sgRNA.raw,0.0
3569,V356.ysgRNA.raw,0.0
3568,V356.xsgRNA.raw,0.0
3567,V3559sgRNA.raw,0.0
3566,V3558sgRNA.raw,0.0
3563,V3555sgRNA.raw,0.0
3562,V3554sgRNA.raw,0.0
3560,V3552sgRNA.raw,0.0
3551,V3545sgRNA.raw,0.0
3559,V3551sgRNA.raw,0.0
3558,V3550sgRNA.raw,0.0
3557,V355.ysgRNA.raw,0.0
3556,V355.xsgRNA.raw,0.0
3555,V3549sgRNA.raw,0.0
3554,V3548sgRNA.raw,0.0
3552,V3546sgRNA.raw,0.0
3617,V36.xsgRNA.raw,0.0
3618,V36.y.ysgRNA.raw,0.0
3621,V360.ysgRNA.raw,0.0
3622,V3600sgRNA.raw,0.0
3688,V3656sgRNA.raw,0.0
3687,V3655sgRNA.raw,0.0
3686,V3654sgRNA.raw,0.0
3685,V3653sgRNA.raw,0.0
3684,V3652sgRNA.raw,0.0
3683,V3651sgRNA.raw,0.0
3681,V365.ysgRNA.raw,0.0
3680,V365.xsgRNA.raw,0.0
3679,V3649sgRNA.raw,0.0
3677,V3647sgRNA.raw,0.0
3676,V3646sgRNA.raw,0.0
3675,V3645sgRNA.raw,0.0
3674,V3644sgRNA.raw,0.0
3673,V3643sgRNA.raw,0.0
3672,V3642sgRNA.raw,0.0
3671,V3641sgRNA.raw,0.0
3670,V3640sgRNA.raw,0.0
3689,V3657sgRNA.raw,0.0
3690,V3658sgRNA.raw,0.0
3694,V3660sgRNA.raw,0.0
3706,V3670sgRNA.raw,0.0
3714,V3678sgRNA.raw,0.0
3713,V3677sgRNA.raw,0.0
3712,V3676sgRNA.raw,0.0
3711,V3675sgRNA.raw,0.0
3710,V3674sgRNA.raw,0.0
3709,V3673sgRNA.raw,0.0
3707,V3671sgRNA.raw,0.0
3705,V367.ysgRNA.raw,0.0
3696,V3662sgRNA.raw,0.0
3704,V367.xsgRNA.raw,0.0
3702,V3668sgRNA.raw,0.0
3701,V3667sgRNA.raw,0.0
3700,V3666sgRNA.raw,0.0
3699,V3665sgRNA.raw,0.0
3698,V3664sgRNA.raw,0.0
3697,V3663sgRNA.raw,0.0
3669,V364.ysgRNA.raw,0.0
3667,V3639sgRNA.raw,0.0
3666,V3638sgRNA.raw,0.0
3631,V3609sgRNA.raw,0.0
3639,V3615sgRNA.raw,0.0
3638,V3614sgRNA.raw,0.0
3637,V3613sgRNA.raw,0.0
3636,V3612sgRNA.raw,0.0
3635,V3611sgRNA.raw,0.0
3634,V3610sgRNA.raw,0.0
3633,V361.ysgRNA.raw,0.0
3630,V3608sgRNA.raw,0.0
3642,V3618sgRNA.raw,0.0
3629,V3607sgRNA.raw,0.0
3628,V3606sgRNA.raw,0.0
3627,V3605sgRNA.raw,0.0
3626,V3604sgRNA.raw,0.0
3625,V3603sgRNA.raw,0.0
3624,V3602sgRNA.raw,0.0
3623,V3601sgRNA.raw,0.0
3641,V3617sgRNA.raw,0.0
3643,V3619sgRNA.raw,0.0
3664,V3636sgRNA.raw,0.0
3654,V3628sgRNA.raw,0.0
3663,V3635sgRNA.raw,0.0
3662,V3634sgRNA.raw,0.0
3660,V3632sgRNA.raw,0.0
3658,V3630sgRNA.raw,0.0
3657,V363.ysgRNA.raw,0.0
3656,V363.xsgRNA.raw,0.0
3655,V3629sgRNA.raw,0.0
3653,V3627sgRNA.raw,0.0
3644,V362.xsgRNA.raw,0.0
3652,V3626sgRNA.raw,0.0
3651,V3625sgRNA.raw,0.0
3650,V3624sgRNA.raw,0.0
3648,V3622sgRNA.raw,0.0
3647,V3621sgRNA.raw,0.0
3646,V3620sgRNA.raw,0.0
3645,V362.ysgRNA.raw,0.0
3527,V3525sgRNA.raw,0.0
3525,V3523sgRNA.raw,0.0
4078,V3970sgRNA.raw,0.0
3388,V3412sgRNA.raw,0.0
3409,V343.ysgRNA.raw,0.0
3408,V343.xsgRNA.raw,0.0
3407,V3429sgRNA.raw,0.0
3406,V3428sgRNA.raw,0.0
3405,V3427sgRNA.raw,0.0
3404,V3426sgRNA.raw,0.0
3402,V3424sgRNA.raw,0.0
3401,V3423sgRNA.raw,0.0
3399,V3421sgRNA.raw,0.0
3398,V3420sgRNA.raw,0.0
3397,V342.ysgRNA.raw,0.0
3396,V342.xsgRNA.raw,0.0
3395,V3419sgRNA.raw,0.0
3394,V3418sgRNA.raw,0.0
3393,V3417sgRNA.raw,0.0
3392,V3416sgRNA.raw,0.0
3391,V3415sgRNA.raw,0.0
3410,V3430sgRNA.raw,0.0
3411,V3431sgRNA.raw,0.0
3412,V3432sgRNA.raw,0.0
3425,V3443sgRNA.raw,0.0
3435,V3451sgRNA.raw,0.0
3434,V3450sgRNA.raw,0.0
3433,V345.ysgRNA.raw,0.0
3432,V345.xsgRNA.raw,0.0
3431,V3449sgRNA.raw,0.0
3430,V3448sgRNA.raw,0.0
3427,V3445sgRNA.raw,0.0
3424,V3442sgRNA.raw,0.0
3413,V3433sgRNA.raw,0.0
3423,V3441sgRNA.raw,0.0
3422,V3440sgRNA.raw,0.0
3419,V3439sgRNA.raw,0.0
3417,V3437sgRNA.raw,0.0
3416,V3436sgRNA.raw,0.0
3415,V3435sgRNA.raw,0.0
3414,V3434sgRNA.raw,0.0
3390,V3414sgRNA.raw,0.0
3387,V3411sgRNA.raw,0.0
3524,V3522sgRNA.raw,0.0
3386,V3410sgRNA.raw,0.0
3360,V3392sgRNA.raw,0.0
3359,V3391sgRNA.raw,0.0
3358,V3390sgRNA.raw,0.0
3357,V339.ysgRNA.raw,0.0
3355,V3389sgRNA.raw,0.0
3354,V3388sgRNA.raw,0.0
3353,V3387sgRNA.raw,0.0
3352,V3386sgRNA.raw,0.0
3351,V3385sgRNA.raw,0.0
3350,V3384sgRNA.raw,0.0
3349,V3383sgRNA.raw,0.0
3348,V3382sgRNA.raw,0.0
3347,V3381sgRNA.raw,0.0
3346,V3380sgRNA.raw,0.0
3344,V338.xsgRNA.raw,0.0
3343,V3379sgRNA.raw,0.0
3342,V3378sgRNA.raw,0.0
3362,V3394sgRNA.raw,0.0
3363,V3395sgRNA.raw,0.0
3364,V3396sgRNA.raw,0.0
3375,V3401sgRNA.raw,0.0
3384,V341.xsgRNA.raw,0.0
3382,V3408sgRNA.raw,0.0
3381,V3407sgRNA.raw,0.0
3380,V3406sgRNA.raw,0.0
3379,V3405sgRNA.raw,0.0
3377,V3403sgRNA.raw,0.0
3376,V3402sgRNA.raw,0.0
3374,V3400sgRNA.raw,0.0
3365,V3397sgRNA.raw,0.0
3373,V340.ysgRNA.raw,0.0
3372,V340.xsgRNA.raw,0.0
3371,V34.ysgRNA.raw,0.0
3370,V34.y.ysgRNA.raw,0.0
3368,V34.x.xsgRNA.raw,0.0
3367,V3399sgRNA.raw,0.0
3366,V3398sgRNA.raw,0.0
3436,V3452sgRNA.raw,0.0
3437,V3453sgRNA.raw,0.0
3438,V3454sgRNA.raw,0.0
3439,V3455sgRNA.raw,0.0
3502,V3504sgRNA.raw,0.0
3500,V3502sgRNA.raw,0.0
3498,V3500sgRNA.raw,0.0
3497,V350.ysgRNA.raw,0.0
3496,V350.xsgRNA.raw,0.0
3495,V35.ysgRNA.raw,0.0
3494,V35.y.ysgRNA.raw,0.0
3492,V35.x.xsgRNA.raw,0.0
3491,V3499sgRNA.raw,0.0
3490,V3498sgRNA.raw,0.0
3489,V3497sgRNA.raw,0.0
3488,V3496sgRNA.raw,0.0
3487,V3495sgRNA.raw,0.0
3486,V3494sgRNA.raw,0.0
3485,V3493sgRNA.raw,0.0
3484,V3492sgRNA.raw,0.0
3483,V3491sgRNA.raw,0.0
3503,V3505sgRNA.raw,0.0
3504,V3506sgRNA.raw,0.0
3505,V3507sgRNA.raw,0.0
3516,V3516sgRNA.raw,0.0
3523,V3521sgRNA.raw,0.0
3522,V3520sgRNA.raw,0.0
3521,V352.ysgRNA.raw,0.0
3520,V352.xsgRNA.raw,0.0
3519,V3519sgRNA.raw,0.0
3518,V3518sgRNA.raw,0.0
3517,V3517sgRNA.raw,0.0
3515,V3515sgRNA.raw,0.0
3506,V3508sgRNA.raw,0.0
3514,V3514sgRNA.raw,0.0
3512,V3512sgRNA.raw,0.0
3511,V3511sgRNA.raw,0.0
3510,V3510sgRNA.raw,0.0
3509,V351.ysgRNA.raw,0.0
3508,V351.xsgRNA.raw,0.0
3507,V3509sgRNA.raw,0.0
3482,V3490sgRNA.raw,0.0
3481,V349.ysgRNA.raw,0.0
3480,V349.xsgRNA.raw,0.0
3450,V3464sgRNA.raw,0.0
3457,V347.ysgRNA.raw,0.0
3456,V347.xsgRNA.raw,0.0
3455,V3469sgRNA.raw,0.0
3454,V3468sgRNA.raw,0.0
3453,V3467sgRNA.raw,0.0
3452,V3466sgRNA.raw,0.0
3451,V3465sgRNA.raw,0.0
3449,V3463sgRNA.raw,0.0
3459,V3471sgRNA.raw,0.0
3448,V3462sgRNA.raw,0.0
3447,V3461sgRNA.raw,0.0
3446,V3460sgRNA.raw,0.0
3445,V346.ysgRNA.raw,0.0
3443,V3459sgRNA.raw,0.0
3441,V3457sgRNA.raw,0.0
3440,V3456sgRNA.raw,0.0
3458,V3470sgRNA.raw,0.0
3460,V3472sgRNA.raw,0.0
3479,V3489sgRNA.raw,0.0
3471,V3481sgRNA.raw,0.0
3478,V3488sgRNA.raw,0.0
3477,V3487sgRNA.raw,0.0
3476,V3486sgRNA.raw,0.0
3475,V3485sgRNA.raw,0.0
3474,V3484sgRNA.raw,0.0
3473,V3483sgRNA.raw,0.0
3472,V3482sgRNA.raw,0.0
3470,V3480sgRNA.raw,0.0
3461,V3473sgRNA.raw,0.0
3469,V348.ysgRNA.raw,0.0
3468,V348.xsgRNA.raw,0.0
3467,V3479sgRNA.raw,0.0
3466,V3478sgRNA.raw,0.0
3465,V3477sgRNA.raw,0.0
3463,V3475sgRNA.raw,0.0
3462,V3474sgRNA.raw,0.0
3715,V3679sgRNA.raw,0.0
3716,V368.xsgRNA.raw,0.0
3717,V368.ysgRNA.raw,0.0
3940,V386.xsgRNA.raw,0.0
3958,V3874sgRNA.raw,0.0
3957,V3873sgRNA.raw,0.0
3956,V3872sgRNA.raw,0.0
3955,V3871sgRNA.raw,0.0
3954,V3870sgRNA.raw,0.0
3953,V387.ysgRNA.raw,0.0
3952,V387.xsgRNA.raw,0.0
3951,V3869sgRNA.raw,0.0
3950,V3868sgRNA.raw,0.0
3949,V3867sgRNA.raw,0.0
3948,V3866sgRNA.raw,0.0
3947,V3865sgRNA.raw,0.0
3946,V3864sgRNA.raw,0.0
3945,V3863sgRNA.raw,0.0
3944,V3862sgRNA.raw,0.0
3943,V3861sgRNA.raw,0.0
3942,V3860sgRNA.raw,0.0
3959,V3875sgRNA.raw,0.0
3960,V3876sgRNA.raw,0.0
3961,V3877sgRNA.raw,0.0
3976,V389.xsgRNA.raw,0.0
3985,V3897sgRNA.raw,0.0
3984,V3896sgRNA.raw,0.0
3982,V3894sgRNA.raw,0.0
3981,V3893sgRNA.raw,0.0
3979,V3891sgRNA.raw,0.0
3978,V3890sgRNA.raw,0.0
3977,V389.ysgRNA.raw,0.0
3974,V3888sgRNA.raw,0.0
3964,V388.xsgRNA.raw,0.0
3971,V3885sgRNA.raw,0.0
3970,V3884sgRNA.raw,0.0
3969,V3883sgRNA.raw,0.0
3968,V3882sgRNA.raw,0.0
3967,V3881sgRNA.raw,0.0
3966,V3880sgRNA.raw,0.0
3965,V388.ysgRNA.raw,0.0
3941,V386.ysgRNA.raw,0.0
3939,V3859sgRNA.raw,0.0
3719,V3681sgRNA.raw,0.0
3938,V3858sgRNA.raw,0.0
3916,V384.xsgRNA.raw,0.0
3915,V3839sgRNA.raw,0.0
3914,V3838sgRNA.raw,0.0
3913,V3837sgRNA.raw,0.0
3912,V3836sgRNA.raw,0.0
3911,V3835sgRNA.raw,0.0
3910,V3834sgRNA.raw,0.0
3909,V3833sgRNA.raw,0.0
3908,V3832sgRNA.raw,0.0
3907,V3831sgRNA.raw,0.0
3906,V3830sgRNA.raw,0.0
3905,V383.ysgRNA.raw,0.0
3904,V383.xsgRNA.raw,0.0
3903,V3829sgRNA.raw,0.0
3901,V3827sgRNA.raw,0.0
3900,V3826sgRNA.raw,0.0
3899,V3825sgRNA.raw,0.0
3917,V384.ysgRNA.raw,0.0
3918,V3840sgRNA.raw,0.0
3919,V3841sgRNA.raw,0.0
3929,V385.ysgRNA.raw,0.0
3937,V3857sgRNA.raw,0.0
3936,V3856sgRNA.raw,0.0
3934,V3854sgRNA.raw,0.0
3933,V3853sgRNA.raw,0.0
3932,V3852sgRNA.raw,0.0
3931,V3851sgRNA.raw,0.0
3930,V3850sgRNA.raw,0.0
3928,V385.xsgRNA.raw,0.0
3920,V3842sgRNA.raw,0.0
3927,V3849sgRNA.raw,0.0
3926,V3848sgRNA.raw,0.0
3925,V3847sgRNA.raw,0.0
3924,V3846sgRNA.raw,0.0
3923,V3845sgRNA.raw,0.0
3922,V3844sgRNA.raw,0.0
3921,V3843sgRNA.raw,0.0
3986,V3898sgRNA.raw,0.0
3987,V3899sgRNA.raw,0.0
3988,V39.x.xsgRNA.raw,0.0
3990,V39.y.ysgRNA.raw,0.0
4055,V3951sgRNA.raw,0.0
4054,V3950sgRNA.raw,0.0
4053,V395.ysgRNA.raw,0.0
4052,V395.xsgRNA.raw,0.0
4051,V3949sgRNA.raw,0.0
4050,V3948sgRNA.raw,0.0
4049,V3947sgRNA.raw,0.0
4048,V3946sgRNA.raw,0.0
4047,V3945sgRNA.raw,0.0
4046,V3944sgRNA.raw,0.0
4045,V3943sgRNA.raw,0.0
4044,V3942sgRNA.raw,0.0
4043,V3941sgRNA.raw,0.0
4042,V3940sgRNA.raw,0.0
4041,V394.ysgRNA.raw,0.0
4040,V394.xsgRNA.raw,0.0
4039,V3939sgRNA.raw,0.0
4056,V3952sgRNA.raw,0.0
4057,V3953sgRNA.raw,0.0
4059,V3955sgRNA.raw,0.0
4069,V3963sgRNA.raw,0.0
4077,V397.ysgRNA.raw,0.0
4076,V397.xsgRNA.raw,0.0
4075,V3969sgRNA.raw,0.0
4073,V3967sgRNA.raw,0.0
4072,V3966sgRNA.raw,0.0
4071,V3965sgRNA.raw,0.0
4070,V3964sgRNA.raw,0.0
4068,V3962sgRNA.raw,0.0
4060,V3956sgRNA.raw,0.0
4067,V3961sgRNA.raw,0.0
4066,V3960sgRNA.raw,0.0
4065,V396.ysgRNA.raw,0.0
4064,V396.xsgRNA.raw,0.0
4063,V3959sgRNA.raw,0.0
4062,V3958sgRNA.raw,0.0
4061,V3957sgRNA.raw,0.0
4038,V3938sgRNA.raw,0.0
4037,V3937sgRNA.raw,0.0
4036,V3936sgRNA.raw,0.0
4002,V3908sgRNA.raw,0.0
4012,V3916sgRNA.raw,0.0
4011,V3915sgRNA.raw,0.0
4010,V3914sgRNA.raw,0.0
4008,V3912sgRNA.raw,0.0
4006,V3910sgRNA.raw,0.0
4005,V391.ysgRNA.raw,0.0
4003,V3909sgRNA.raw,0.0
3999,V3905sgRNA.raw,0.0
4014,V3918sgRNA.raw,0.0
3998,V3904sgRNA.raw,0.0
3997,V3903sgRNA.raw,0.0
3996,V3902sgRNA.raw,0.0
3995,V3901sgRNA.raw,0.0
3994,V3900sgRNA.raw,0.0
3992,V390.xsgRNA.raw,0.0
3991,V39.ysgRNA.raw,0.0
4013,V3917sgRNA.raw,0.0
4015,V3919sgRNA.raw,0.0
4035,V3935sgRNA.raw,0.0
4026,V3928sgRNA.raw,0.0
4034,V3934sgRNA.raw,0.0
4033,V3933sgRNA.raw,0.0
4032,V3932sgRNA.raw,0.0
4030,V3930sgRNA.raw,0.0
4029,V393.ysgRNA.raw,0.0
4028,V393.xsgRNA.raw,0.0
4027,V3929sgRNA.raw,0.0
4025,V3927sgRNA.raw,0.0
4016,V392.xsgRNA.raw,0.0
4023,V3925sgRNA.raw,0.0
4022,V3924sgRNA.raw,0.0
4021,V3923sgRNA.raw,0.0
4020,V3922sgRNA.raw,0.0
4019,V3921sgRNA.raw,0.0
4018,V3920sgRNA.raw,0.0
4017,V392.ysgRNA.raw,0.0
3898,V3824sgRNA.raw,0.0
3897,V3823sgRNA.raw,0.0
3896,V3822sgRNA.raw,0.0
3805,V375.ysgRNA.raw,0.0
3780,V373.xsgRNA.raw,0.0
3779,V3729sgRNA.raw,0.0
3778,V3728sgRNA.raw,0.0
3777,V3727sgRNA.raw,0.0
3776,V3726sgRNA.raw,0.0
3775,V3725sgRNA.raw,0.0
3774,V3724sgRNA.raw,0.0
3773,V3723sgRNA.raw,0.0
3772,V3722sgRNA.raw,0.0
3771,V3721sgRNA.raw,0.0
3770,V3720sgRNA.raw,0.0
3769,V372.ysgRNA.raw,0.0
3768,V372.xsgRNA.raw,0.0
3767,V3719sgRNA.raw,0.0
3766,V3718sgRNA.raw,0.0
3764,V3716sgRNA.raw,0.0
3763,V3715sgRNA.raw,0.0
3781,V373.ysgRNA.raw,0.0
3782,V3730sgRNA.raw,0.0
3783,V3731sgRNA.raw,0.0
3794,V3740sgRNA.raw,0.0
3803,V3749sgRNA.raw,0.0
3802,V3748sgRNA.raw,0.0
3801,V3747sgRNA.raw,0.0
3800,V3746sgRNA.raw,0.0
3799,V3745sgRNA.raw,0.0
3798,V3744sgRNA.raw,0.0
3797,V3743sgRNA.raw,0.0
3793,V374.ysgRNA.raw,0.0
3784,V3732sgRNA.raw,0.0
3792,V374.xsgRNA.raw,0.0
3791,V3739sgRNA.raw,0.0
3790,V3738sgRNA.raw,0.0
3789,V3737sgRNA.raw,0.0
3788,V3736sgRNA.raw,0.0
3787,V3735sgRNA.raw,0.0
3786,V3734sgRNA.raw,0.0
3762,V3714sgRNA.raw,0.0
3761,V3713sgRNA.raw,0.0
3760,V3712sgRNA.raw,0.0
3728,V369.xsgRNA.raw,0.0
3735,V3695sgRNA.raw,0.0
3734,V3694sgRNA.raw,0.0
3733,V3693sgRNA.raw,0.0
3732,V3692sgRNA.raw,0.0
3731,V3691sgRNA.raw,0.0
3730,V3690sgRNA.raw,0.0
3729,V369.ysgRNA.raw,0.0
3727,V3689sgRNA.raw,0.0
3738,V3698sgRNA.raw,0.0
3726,V3688sgRNA.raw,0.0
3725,V3687sgRNA.raw,0.0
3724,V3686sgRNA.raw,0.0
3723,V3685sgRNA.raw,0.0
3722,V3684sgRNA.raw,0.0
3721,V3683sgRNA.raw,0.0
3720,V3682sgRNA.raw,0.0
3737,V3697sgRNA.raw,0.0
3739,V3699sgRNA.raw,0.0
3759,V3711sgRNA.raw,0.0
3750,V3704sgRNA.raw,0.0
3758,V3710sgRNA.raw,0.0
3757,V371.ysgRNA.raw,0.0
3756,V371.xsgRNA.raw,0.0
3755,V3709sgRNA.raw,0.0
3754,V3708sgRNA.raw,0.0
3753,V3707sgRNA.raw,0.0
3752,V3706sgRNA.raw,0.0
3749,V3703sgRNA.raw,0.0
3740,V37.x.xsgRNA.raw,0.0
3748,V3702sgRNA.raw,0.0
3747,V3701sgRNA.raw,0.0
3746,V3700sgRNA.raw,0.0
3745,V370.ysgRNA.raw,0.0
3744,V370.xsgRNA.raw,0.0
3743,V37.ysgRNA.raw,0.0
3742,V37.y.ysgRNA.raw,0.0
3804,V375.xsgRNA.raw,0.0
3806,V3750sgRNA.raw,0.0
3895,V3821sgRNA.raw,0.0
3807,V3751sgRNA.raw,0.0
3870,V3800sgRNA.raw,0.0
3869,V380.ysgRNA.raw,0.0
3867,V38.ysgRNA.raw,0.0
3866,V38.y.ysgRNA.raw,0.0
3862,V3798sgRNA.raw,0.0
3861,V3797sgRNA.raw,0.0
3860,V3796sgRNA.raw,0.0
3859,V3795sgRNA.raw,0.0
3858,V3794sgRNA.raw,0.0
3857,V3793sgRNA.raw,0.0
3856,V3792sgRNA.raw,0.0
3855,V3791sgRNA.raw,0.0
3854,V3790sgRNA.raw,0.0
3853,V379.ysgRNA.raw,0.0
3852,V379.xsgRNA.raw,0.0
3851,V3789sgRNA.raw,0.0
3850,V3788sgRNA.raw,0.0
3872,V3802sgRNA.raw,0.0
3873,V3803sgRNA.raw,0.0
3874,V3804sgRNA.raw,0.0
3885,V3813sgRNA.raw,0.0
3893,V382.ysgRNA.raw,0.0
3892,V382.xsgRNA.raw,0.0
3891,V3819sgRNA.raw,0.0
3889,V3817sgRNA.raw,0.0
3888,V3816sgRNA.raw,0.0
3887,V3815sgRNA.raw,0.0
3886,V3814sgRNA.raw,0.0
3884,V3812sgRNA.raw,0.0
3875,V3805sgRNA.raw,0.0
3883,V3811sgRNA.raw,0.0
3882,V3810sgRNA.raw,0.0
3881,V381.ysgRNA.raw,0.0
3880,V381.xsgRNA.raw,0.0
3879,V3809sgRNA.raw,0.0
3878,V3808sgRNA.raw,0.0
3876,V3806sgRNA.raw,0.0
3849,V3787sgRNA.raw,0.0
3848,V3786sgRNA.raw,0.0
3847,V3785sgRNA.raw,0.0
3817,V376.ysgRNA.raw,0.0
3825,V3767sgRNA.raw,0.0
3824,V3766sgRNA.raw,0.0
3823,V3765sgRNA.raw,0.0
3822,V3764sgRNA.raw,0.0
3821,V3763sgRNA.raw,0.0
3819,V3761sgRNA.raw,0.0
3818,V3760sgRNA.raw,0.0
3816,V376.xsgRNA.raw,0.0
3827,V3769sgRNA.raw,0.0
3815,V3759sgRNA.raw,0.0
3814,V3758sgRNA.raw,0.0
3813,V3757sgRNA.raw,0.0
3812,V3756sgRNA.raw,0.0
3810,V3754sgRNA.raw,0.0
3809,V3753sgRNA.raw,0.0
3808,V3752sgRNA.raw,0.0
3826,V3768sgRNA.raw,0.0
3828,V377.xsgRNA.raw,0.0
3846,V3784sgRNA.raw,0.0
3838,V3778sgRNA.raw,0.0
3845,V3783sgRNA.raw,0.0
3844,V3782sgRNA.raw,0.0
3843,V3781sgRNA.raw,0.0
3842,V3780sgRNA.raw,0.0
3841,V378.ysgRNA.raw,0.0
4529,V433.ysgRNA.raw,0.0
3839,V3779sgRNA.raw,0.0
3837,V3777sgRNA.raw,0.0
3829,V377.ysgRNA.raw,0.0
3836,V3776sgRNA.raw,0.0
3835,V3775sgRNA.raw,0.0
3834,V3774sgRNA.raw,0.0
3833,V3773sgRNA.raw,0.0
3832,V3772sgRNA.raw,0.0
3831,V3771sgRNA.raw,0.0
3830,V3770sgRNA.raw,0.0
4528,V433.xsgRNA.raw,0.0
4830,V548.xsgRNA.raw,0.0
4530,V4330sgRNA.raw,0.0
5549,V844.xsgRNA.raw,0.0
5545,V842.xsgRNA.raw,0.0
5543,V841.xsgRNA.raw,0.0
5542,V840.ysgRNA.raw,0.0
5541,V840.xsgRNA.raw,0.0
5540,V84.ysgRNA.raw,0.0
5539,V84.xsgRNA.raw,0.0
5538,V83sgRNA.raw,0.0
5537,V839.ysgRNA.raw,0.0
5535,V838.ysgRNA.raw,0.0
5534,V838.xsgRNA.raw,0.0
5533,V837.ysgRNA.raw,0.0
5532,V837.xsgRNA.raw,0.0
5531,V836.ysgRNA.raw,0.0
5530,V836.xsgRNA.raw,0.0
5529,V835.ysgRNA.raw,0.0
5528,V835.xsgRNA.raw,0.0
5527,V834.ysgRNA.raw,0.0
5548,V843.ysgRNA.raw,0.0
5550,V844.ysgRNA.raw,0.0
5524,V833.xsgRNA.raw,0.0
5551,V845.xsgRNA.raw,0.0
5569,V852.ysgRNA.raw,0.0
5568,V852.xsgRNA.raw,0.0
5567,V851.ysgRNA.raw,0.0
5566,V851.xsgRNA.raw,0.0
5565,V850.ysgRNA.raw,0.0
5564,V850.xsgRNA.raw,0.0
5563,V85.ysgRNA.raw,0.0
5562,V85.xsgRNA.raw,0.0
5561,V84sgRNA.raw,0.0
5560,V849.ysgRNA.raw,0.0
5559,V849.xsgRNA.raw,0.0
5558,V848.ysgRNA.raw,0.0
5557,V848.xsgRNA.raw,0.0
5556,V847.ysgRNA.raw,0.0
5554,V846.ysgRNA.raw,0.0
5553,V846.xsgRNA.raw,0.0
5552,V845.ysgRNA.raw,0.0
5525,V833.ysgRNA.raw,0.0
5523,V832.ysgRNA.raw,0.0
5665,V894.ysgRNA.raw,0.0
5499,V822.xsgRNA.raw,0.0
5497,V821.xsgRNA.raw,0.0
5496,V820.ysgRNA.raw,0.0
5495,V820.xsgRNA.raw,0.0
5494,V82.ysgRNA.raw,0.0
5493,V82.xsgRNA.raw,0.0
5492,V81sgRNA.raw,0.0
5491,V819.ysgRNA.raw,0.0
5490,V819.xsgRNA.raw,0.0
5489,V818.ysgRNA.raw,0.0
5487,V817.ysgRNA.raw,0.0
5486,V817.xsgRNA.raw,0.0
5485,V816.ysgRNA.raw,0.0
5484,V816.xsgRNA.raw,0.0
5483,V815.ysgRNA.raw,0.0
5482,V815.xsgRNA.raw,0.0
5481,V814.ysgRNA.raw,0.0
5480,V814.xsgRNA.raw,0.0
5498,V821.ysgRNA.raw,0.0
5500,V822.ysgRNA.raw,0.0
5522,V832.xsgRNA.raw,0.0
5502,V823.ysgRNA.raw,0.0
5521,V831.ysgRNA.raw,0.0
5520,V831.xsgRNA.raw,0.0
5519,V830.ysgRNA.raw,0.0
5518,V830.xsgRNA.raw,0.0
5516,V83.xsgRNA.raw,0.0
5515,V82sgRNA.raw,0.0
5514,V829.ysgRNA.raw,0.0
5513,V829.xsgRNA.raw,0.0
5512,V828.ysgRNA.raw,0.0
5511,V828.xsgRNA.raw,0.0
5510,V827.ysgRNA.raw,0.0
5509,V827.xsgRNA.raw,0.0
5508,V826.ysgRNA.raw,0.0
5507,V826.xsgRNA.raw,0.0
5506,V825.ysgRNA.raw,0.0
5504,V824.ysgRNA.raw,0.0
5503,V824.xsgRNA.raw,0.0
5571,V853.ysgRNA.raw,0.0
5573,V854.ysgRNA.raw,0.0
5574,V855.xsgRNA.raw,0.0
5643,V885.xsgRNA.raw,0.0
5641,V884.xsgRNA.raw,0.0
5639,V883.xsgRNA.raw,0.0
5638,V882.ysgRNA.raw,0.0
5637,V882.xsgRNA.raw,0.0
5636,V881.ysgRNA.raw,0.0
5635,V881.xsgRNA.raw,0.0
5634,V880.ysgRNA.raw,0.0
5633,V880.xsgRNA.raw,0.0
5632,V88.ysgRNA.raw,0.0
5631,V88.xsgRNA.raw,0.0
5629,V879.ysgRNA.raw,0.0
5628,V879.xsgRNA.raw,0.0
5627,V878.ysgRNA.raw,0.0
5626,V878.xsgRNA.raw,0.0
5625,V877.ysgRNA.raw,0.0
5622,V876.xsgRNA.raw,0.0
5621,V875.ysgRNA.raw,0.0
5642,V884.ysgRNA.raw,0.0
5644,V885.ysgRNA.raw,0.0
5575,V855.ysgRNA.raw,0.0
5645,V886.xsgRNA.raw,0.0
5662,V893.xsgRNA.raw,0.0
5661,V892.ysgRNA.raw,0.0
5660,V892.xsgRNA.raw,0.0
5659,V891.ysgRNA.raw,0.0
5658,V891.xsgRNA.raw,0.0
5657,V890.ysgRNA.raw,0.0
5656,V890.xsgRNA.raw,0.0
5655,V89.ysgRNA.raw,0.0
5654,V89.xsgRNA.raw,0.0
5653,V88sgRNA.raw,0.0
5652,V889.ysgRNA.raw,0.0
5651,V889.xsgRNA.raw,0.0
5650,V888.ysgRNA.raw,0.0
5649,V888.xsgRNA.raw,0.0
5648,V887.ysgRNA.raw,0.0
5647,V887.xsgRNA.raw,0.0
5646,V886.ysgRNA.raw,0.0
5620,V875.xsgRNA.raw,0.0
5619,V874.ysgRNA.raw,0.0
5618,V874.xsgRNA.raw,0.0
5617,V873.ysgRNA.raw,0.0
5594,V863.ysgRNA.raw,0.0
5592,V862.ysgRNA.raw,0.0
5591,V862.xsgRNA.raw,0.0
5590,V861.ysgRNA.raw,0.0
5589,V861.xsgRNA.raw,0.0
5588,V860.ysgRNA.raw,0.0
5587,V860.xsgRNA.raw,0.0
5586,V86.ysgRNA.raw,0.0
5585,V86.xsgRNA.raw,0.0
5584,V85sgRNA.raw,0.0
5583,V859.ysgRNA.raw,0.0
5582,V859.xsgRNA.raw,0.0
5581,V858.ysgRNA.raw,0.0
5580,V858.xsgRNA.raw,0.0
5579,V857.ysgRNA.raw,0.0
5577,V856.ysgRNA.raw,0.0
5576,V856.xsgRNA.raw,0.0
5596,V864.ysgRNA.raw,0.0
5598,V865.ysgRNA.raw,0.0
5599,V866.xsgRNA.raw,0.0
5609,V87.ysgRNA.raw,0.0
5616,V873.xsgRNA.raw,0.0
5615,V872.ysgRNA.raw,0.0
5614,V872.xsgRNA.raw,0.0
5613,V871.ysgRNA.raw,0.0
5612,V871.xsgRNA.raw,0.0
5611,V870.ysgRNA.raw,0.0
5610,V870.xsgRNA.raw,0.0
5608,V87.xsgRNA.raw,0.0
5600,V866.ysgRNA.raw,0.0
5607,V86sgRNA.raw,0.0
5606,V869.ysgRNA.raw,0.0
5605,V869.xsgRNA.raw,0.0
5604,V868.ysgRNA.raw,0.0
5603,V868.xsgRNA.raw,0.0
5602,V867.ysgRNA.raw,0.0
5601,V867.xsgRNA.raw,0.0
5479,V813.ysgRNA.raw,0.0
5478,V813.xsgRNA.raw,0.0
5477,V812.ysgRNA.raw,0.0
5363,V766.ysgRNA.raw,0.0
5361,V765.ysgRNA.raw,0.0
5360,V765.xsgRNA.raw,0.0
5359,V764.ysgRNA.raw,0.0
5358,V764.xsgRNA.raw,0.0
5357,V763.ysgRNA.raw,0.0
5355,V762.ysgRNA.raw,0.0
5354,V762.xsgRNA.raw,0.0
5353,V761.ysgRNA.raw,0.0
5352,V761.xsgRNA.raw,0.0
5351,V760.ysgRNA.raw,0.0
5348,V76.y.ysgRNA.raw,0.0
5346,V76.x.xsgRNA.raw,0.0
5345,V759.ysgRNA.raw,0.0
5344,V759.xsgRNA.raw,0.0
5343,V758.ysgRNA.raw,0.0
5342,V758.xsgRNA.raw,0.0
5341,V757.ysgRNA.raw,0.0
5362,V766.xsgRNA.raw,0.0
5364,V767.xsgRNA.raw,0.0
5388,V777.xsgRNA.raw,0.0
5365,V767.ysgRNA.raw,0.0
5386,V776.xsgRNA.raw,0.0
5385,V775.ysgRNA.raw,0.0
5383,V774.ysgRNA.raw,0.0
5381,V773.ysgRNA.raw,0.0
5379,V772.ysgRNA.raw,0.0
5378,V772.xsgRNA.raw,0.0
5377,V771.ysgRNA.raw,0.0
5376,V771.xsgRNA.raw,0.0
5375,V770.ysgRNA.raw,0.0
5374,V770.xsgRNA.raw,0.0
5373,V77.ysgRNA.raw,0.0
5372,V77.y.ysgRNA.raw,0.0
5370,V77.x.xsgRNA.raw,0.0
5369,V769.ysgRNA.raw,0.0
5368,V769.xsgRNA.raw,0.0
5367,V768.ysgRNA.raw,0.0
5366,V768.xsgRNA.raw,0.0
5340,V757.xsgRNA.raw,0.0
5339,V756.ysgRNA.raw,0.0
5338,V756.xsgRNA.raw,0.0
5337,V755.ysgRNA.raw,0.0
5313,V745.ysgRNA.raw,0.0
5312,V745.xsgRNA.raw,0.0
5311,V744.ysgRNA.raw,0.0
5310,V744.xsgRNA.raw,0.0
5309,V743.ysgRNA.raw,0.0
5308,V743.xsgRNA.raw,0.0
5307,V742.ysgRNA.raw,0.0
5306,V742.xsgRNA.raw,0.0
5305,V741.ysgRNA.raw,0.0
5304,V741.xsgRNA.raw,0.0
5302,V740.xsgRNA.raw,0.0
5301,V74.ysgRNA.raw,0.0
5300,V74.y.ysgRNA.raw,0.0
5298,V74.x.xsgRNA.raw,0.0
5297,V739.ysgRNA.raw,0.0
5295,V738.ysgRNA.raw,0.0
5294,V738.xsgRNA.raw,0.0
5314,V746.xsgRNA.raw,0.0
5315,V746.ysgRNA.raw,0.0
5316,V747.xsgRNA.raw,0.0
5329,V751.ysgRNA.raw,0.0
5336,V755.xsgRNA.raw,0.0
5335,V754.ysgRNA.raw,0.0
5334,V754.xsgRNA.raw,0.0
5333,V753.ysgRNA.raw,0.0
5332,V753.xsgRNA.raw,0.0
5331,V752.ysgRNA.raw,0.0
5330,V752.xsgRNA.raw,0.0
5326,V750.xsgRNA.raw,0.0
5317,V747.ysgRNA.raw,0.0
5325,V75.ysgRNA.raw,0.0
5324,V75.y.ysgRNA.raw,0.0
5322,V75.x.xsgRNA.raw,0.0
5321,V749.ysgRNA.raw,0.0
5320,V749.xsgRNA.raw,0.0
5319,V748.ysgRNA.raw,0.0
5318,V748.xsgRNA.raw,0.0
5387,V776.ysgRNA.raw,0.0
5389,V777.ysgRNA.raw,0.0
5476,V812.xsgRNA.raw,0.0
5455,V802.ysgRNA.raw,0.0
5453,V801.ysgRNA.raw,0.0
5452,V801.xsgRNA.raw,0.0
5451,V800.ysgRNA.raw,0.0
5450,V800.xsgRNA.raw,0.0
5449,V80.ysgRNA.raw,0.0
5448,V80.y.ysgRNA.raw,0.0
5446,V80.x.xsgRNA.raw,0.0
5445,V8.ysgRNA.raw,0.0
5444,V8.y.ysgRNA.raw,0.0
5442,V8.x.xsgRNA.raw,0.0
5441,V799.ysgRNA.raw,0.0
5440,V799.xsgRNA.raw,0.0
5439,V798.ysgRNA.raw,0.0
5438,V798.xsgRNA.raw,0.0
5437,V797.ysgRNA.raw,0.0
5436,V797.xsgRNA.raw,0.0
5435,V796.ysgRNA.raw,0.0
5454,V802.xsgRNA.raw,0.0
5456,V803.xsgRNA.raw,0.0
5390,V778.xsgRNA.raw,0.0
5457,V803.ysgRNA.raw,0.0
5475,V811.ysgRNA.raw,0.0
5474,V811.xsgRNA.raw,0.0
5473,V810.ysgRNA.raw,0.0
5472,V810.xsgRNA.raw,0.0
5471,V81.ysgRNA.raw,0.0
5470,V81.xsgRNA.raw,0.0
5469,V809.ysgRNA.raw,0.0
5468,V809.xsgRNA.raw,0.0
5467,V808.ysgRNA.raw,0.0
5466,V808.xsgRNA.raw,0.0
5465,V807.ysgRNA.raw,0.0
5464,V807.xsgRNA.raw,0.0
5463,V806.ysgRNA.raw,0.0
5462,V806.xsgRNA.raw,0.0
5461,V805.ysgRNA.raw,0.0
5460,V805.xsgRNA.raw,0.0
5459,V804.ysgRNA.raw,0.0
5434,V796.xsgRNA.raw,0.0
5433,V795.ysgRNA.raw,0.0
5432,V795.xsgRNA.raw,0.0
5431,V794.ysgRNA.raw,0.0
5408,V785.xsgRNA.raw,0.0
5407,V784.ysgRNA.raw,0.0
5406,V784.xsgRNA.raw,0.0
5405,V783.ysgRNA.raw,0.0
5404,V783.xsgRNA.raw,0.0
5403,V782.ysgRNA.raw,0.0
5402,V782.xsgRNA.raw,0.0
5401,V781.ysgRNA.raw,0.0
5400,V781.xsgRNA.raw,0.0
5399,V780.ysgRNA.raw,0.0
5398,V780.xsgRNA.raw,0.0
5397,V78.ysgRNA.raw,0.0
5396,V78.y.ysgRNA.raw,0.0
5394,V78.x.xsgRNA.raw,0.0
5393,V779.ysgRNA.raw,0.0
5392,V779.xsgRNA.raw,0.0
5391,V778.ysgRNA.raw,0.0
5409,V785.ysgRNA.raw,0.0
5410,V786.xsgRNA.raw,0.0
5411,V786.ysgRNA.raw,0.0
5423,V790.ysgRNA.raw,0.0
5430,V794.xsgRNA.raw,0.0
5429,V793.ysgRNA.raw,0.0
5428,V793.xsgRNA.raw,0.0
5427,V792.ysgRNA.raw,0.0
5426,V792.xsgRNA.raw,0.0
5425,V791.ysgRNA.raw,0.0
5424,V791.xsgRNA.raw,0.0
5420,V79.y.ysgRNA.raw,0.0
5412,V787.xsgRNA.raw,0.0
5419,V79.xsgRNA.raw,0.0
5418,V79.x.xsgRNA.raw,0.0
5417,V789.ysgRNA.raw,0.0
5416,V789.xsgRNA.raw,0.0
5415,V788.ysgRNA.raw,0.0
5414,V788.xsgRNA.raw,0.0
5413,V787.ysgRNA.raw,0.0
5664,V894.xsgRNA.raw,0.0
5666,V895.xsgRNA.raw,0.0
5291,V736.ysgRNA.raw,0.0
5928,p10tetramer.No.electronsraw,0.0
5918,p10basepair.No.electronsraw,0.0
5917,p10basepair.Hlgap.eVEraw,0.0
5916,p10basepair.Hbond.energyraw,0.0
5910,V99sgRNA.raw,0.0
5909,V999.ysgRNA.raw,0.0
5907,V998.ysgRNA.raw,0.0
5906,V998.xsgRNA.raw,0.0
5905,V997.ysgRNA.raw,0.0
5904,V997.xsgRNA.raw,0.0
5903,V996.ysgRNA.raw,0.0
5902,V996.xsgRNA.raw,0.0
5901,V995.ysgRNA.raw,0.0
5900,V995.xsgRNA.raw,0.0
5899,V994.ysgRNA.raw,0.0
5898,V994.xsgRNA.raw,0.0
5897,V993.ysgRNA.raw,0.0
5896,V993.xsgRNA.raw,0.0
5922,p10dimer.No.electronsraw,0.0
5932,p10trimer.No.electronsraw,0.0
5894,V992.xsgRNA.raw,0.0
5935,p11basepair.No.electronsraw,0.0
5983,p13trimer.No.electronsraw,0.0
5979,p13tetramer.No.electronsraw,0.0
5975,p13monomer.No.electronsraw,0.0
5974,p13monomer.HLgap.eVraw,0.0
5973,p13dimer.No.electronsraw,0.0
5969,p13basepair.No.electronsraw,0.0
5968,p13basepair.Hlgap.eVEraw,0.0
5967,p13basepair.Hbond.energyraw,0.0
5966,p12trimer.No.electronsraw,0.0
5962,p12tetramer.No.electronsraw,0.0
5956,p12dimer.No.electronsraw,0.0
5952,p12basepair.No.electronsraw,0.0
5951,p12basepair.Hlgap.eVEraw,0.0
5949,p11trimer.No.electronsraw,0.0
5945,p11tetramer.No.electronsraw,0.0
5941,p11monomer.No.electronsraw,0.0
5939,p11dimer.No.electronsraw,0.0
5895,V992.ysgRNA.raw,0.0
5893,V991.ysgRNA.raw,0.0
5667,V895.ysgRNA.raw,0.0
5870,V981.ysgRNA.raw,0.0
5867,V980.xsgRNA.raw,0.0
5866,V98.ysgRNA.raw,0.0
5865,V98.xsgRNA.raw,0.0
5864,V97sgRNA.raw,0.0
5863,V979.ysgRNA.raw,0.0
5862,V979.xsgRNA.raw,0.0
5861,V978.ysgRNA.raw,0.0
5860,V978.xsgRNA.raw,0.0
5859,V977.ysgRNA.raw,0.0
5858,V977.xsgRNA.raw,0.0
5857,V976.ysgRNA.raw,0.0
5856,V976.xsgRNA.raw,0.0
5855,V975.ysgRNA.raw,0.0
5854,V975.xsgRNA.raw,0.0
5853,V974.ysgRNA.raw,0.0
5852,V974.xsgRNA.raw,0.0
5851,V973.ysgRNA.raw,0.0
5868,V980.ysgRNA.raw,0.0
5871,V982.xsgRNA.raw,0.0
5892,V991.xsgRNA.raw,0.0
5872,V982.ysgRNA.raw,0.0
5891,V990.ysgRNA.raw,0.0
5890,V990.xsgRNA.raw,0.0
5889,V99.ysgRNA.raw,0.0
5888,V99.xsgRNA.raw,0.0
5887,V98sgRNA.raw,0.0
5886,V989.ysgRNA.raw,0.0
5885,V989.xsgRNA.raw,0.0
5884,V988.ysgRNA.raw,0.0
5883,V988.xsgRNA.raw,0.0
5882,V987.ysgRNA.raw,0.0
5881,V987.xsgRNA.raw,0.0
5880,V986.ysgRNA.raw,0.0
5879,V986.xsgRNA.raw,0.0
5878,V985.ysgRNA.raw,0.0
5877,V985.xsgRNA.raw,0.0
5876,V984.ysgRNA.raw,0.0
5874,V983.ysgRNA.raw,0.0
5986,p14basepair.No.electronsraw,0.0
5990,p14dimer.No.electronsraw,0.0
5996,p14tetramer.No.electronsraw,0.0
6181,p7basepair.Hbond.energyraw,0.0
6176,p6tetramer.No.electronsraw,0.0
6170,p6dimer.No.electronsraw,0.0
6166,p6basepair.No.electronsraw,0.0
6165,p6basepair.Hlgap.eVEraw,0.0
6163,p5trimer.No.electronsraw,0.0
6159,p5tetramer.No.electronsraw,0.0
6153,p5dimer.No.electronsraw,0.0
6149,p5basepair.No.electronsraw,0.0
6148,p5basepair.Hlgap.eVEraw,0.0
6147,p5basepair.Hbond.energyraw,0.0
6146,p4trimer.No.electronsraw,0.0
6142,p4tetramer.No.electronsraw,0.0
6138,p4monomer.No.electronsraw,0.0
6136,p4dimer.No.electronsraw,0.0
6132,p4basepair.No.electronsraw,0.0
6131,p4basepair.Hlgap.eVEraw,0.0
6129,p3trimer.No.electronsraw,0.0
6180,p6trimer.No.electronsraw,0.0
6182,p7basepair.Hlgap.eVEraw,0.0
6000,p14trimer.No.electronsraw,0.0
6183,p7basepair.No.electronsraw,0.0
6227,p9tetramer.No.electronsraw,0.0
6223,p9monomer.No.electronsraw,0.0
6222,p9monomer.HLgap.eVraw,0.0
6221,p9dimer.No.electronsraw,0.0
6217,p9basepair.No.electronsraw,0.0
6216,p9basepair.Hlgap.eVEraw,0.0
6215,p9basepair.Hbond.energyraw,0.0
6214,p8trimer.No.electronsraw,0.0
6210,p8tetramer.No.electronsraw,0.0
6206,p8monomer.No.electronsraw,0.0
6204,p8dimer.No.electronsraw,0.0
6200,p8basepair.No.electronsraw,0.0
6199,p8basepair.Hlgap.eVEraw,0.0
6197,p7trimer.No.electronsraw,0.0
6193,p7tetramer.No.electronsraw,0.0
6189,p7monomer.No.electronsraw,0.0
6187,p7dimer.No.electronsraw,0.0
6125,p3tetramer.No.electronsraw,0.0
6121,p3monomer.No.electronsraw,0.0
6119,p3dimer.No.electronsraw,0.0
6115,p3basepair.No.electronsraw,0.0
6051,p17trimer.No.electronsraw,0.0
6047,p17tetramer.No.electronsraw,0.0
6043,p17monomer.No.electronsraw,0.0
6041,p17dimer.No.electronsraw,0.0
6037,p17basepair.No.electronsraw,0.0
6036,p17basepair.Hlgap.eVEraw,0.0
6034,p16trimer.No.electronsraw,0.0
6030,p16tetramer.No.electronsraw,0.0
6024,p16dimer.No.electronsraw,0.0
6020,p16basepair.No.electronsraw,0.0
6018,p16basepair.Hbond.energyraw,0.0
6017,p15trimer.No.electronsraw,0.0
6013,p15tetramer.No.electronsraw,0.0
6007,p15dimer.No.electronsraw,0.0
6003,p15basepair.No.electronsraw,0.0
6002,p15basepair.Hlgap.eVEraw,0.0
6001,p15basepair.Hbond.energyraw,0.0
6054,p18basepair.No.electronsraw,0.0
6058,p18dimer.No.electronsraw,0.0
6064,p18trimer.No.electronsraw,0.0
6096,p2basepair.Hbond.energyraw,0.0
6114,p3basepair.Hlgap.eVEraw,0.0
6112,p2trimer.No.electronsraw,0.0
6108,p2tetramer.No.electronsraw,0.0
6103,p2monomer.HLgap.eVraw,0.0
6102,p2dimer.No.electronsraw,0.0
6098,p2basepair.No.electronsraw,0.0
6097,p2basepair.Hlgap.eVEraw,0.0
6094,p20monomer.HLgap.eVraw,0.0
6067,p19basepair.No.electronsraw,0.0
6093,p20basepair.No.electronsraw,0.0
6090,p1trimer.No.electronsraw,0.0
6086,p1tetramer.No.electronsraw,0.0
6080,p1dimer.No.electronsraw,0.0
6076,p1basepair.No.electronsraw,0.0
6073,p19monomer.No.electronsraw,0.0
6071,p19dimer.No.electronsraw,0.0
5849,V972.ysgRNA.raw,0.0
5848,V972.xsgRNA.raw,0.0
5847,V971.ysgRNA.raw,0.0
5731,V921.xsgRNA.raw,0.0
5729,V920.xsgRNA.raw,0.0
5728,V92.ysgRNA.raw,0.0
5727,V92.xsgRNA.raw,0.0
5726,V91sgRNA.raw,0.0
5725,V919.ysgRNA.raw,0.0
5724,V919.xsgRNA.raw,0.0
5723,V918.ysgRNA.raw,0.0
5721,V917.ysgRNA.raw,0.0
5720,V917.xsgRNA.raw,0.0
5719,V916.ysgRNA.raw,0.0
5718,V916.xsgRNA.raw,0.0
5717,V915.ysgRNA.raw,0.0
5716,V915.xsgRNA.raw,0.0
5715,V914.ysgRNA.raw,0.0
5714,V914.xsgRNA.raw,0.0
5713,V913.ysgRNA.raw,0.0
5712,V913.xsgRNA.raw,0.0
5730,V920.ysgRNA.raw,0.0
5732,V921.ysgRNA.raw,0.0
5755,V931.ysgRNA.raw,0.0
5733,V922.xsgRNA.raw,0.0
5752,V930.xsgRNA.raw,0.0
5750,V93.xsgRNA.raw,0.0
5749,V92sgRNA.raw,0.0
5748,V929.ysgRNA.raw,0.0
5747,V929.xsgRNA.raw,0.0
5746,V928.ysgRNA.raw,0.0
5744,V927.ysgRNA.raw,0.0
5743,V927.xsgRNA.raw,0.0
5742,V926.ysgRNA.raw,0.0
5741,V926.xsgRNA.raw,0.0
5740,V925.ysgRNA.raw,0.0
5739,V925.xsgRNA.raw,0.0
5738,V924.ysgRNA.raw,0.0
5737,V924.xsgRNA.raw,0.0
5736,V923.ysgRNA.raw,0.0
5735,V923.xsgRNA.raw,0.0
5734,V922.ysgRNA.raw,0.0
5711,V912.ysgRNA.raw,0.0
5710,V912.xsgRNA.raw,0.0
5709,V911.ysgRNA.raw,0.0
5708,V911.xsgRNA.raw,0.0
5687,V902.xsgRNA.raw,0.0
5686,V901.ysgRNA.raw,0.0
5685,V901.xsgRNA.raw,0.0
5684,V900.ysgRNA.raw,0.0
5683,V900.xsgRNA.raw,0.0
5682,V90.ysgRNA.raw,0.0
5681,V90.xsgRNA.raw,0.0
5680,V9.ysgRNA.raw,0.0
5679,V9.y.ysgRNA.raw,0.0
5676,V89sgRNA.raw,0.0
5675,V899.ysgRNA.raw,0.0
5674,V899.xsgRNA.raw,0.0
5673,V898.ysgRNA.raw,0.0
5672,V898.xsgRNA.raw,0.0
5671,V897.ysgRNA.raw,0.0
5670,V897.xsgRNA.raw,0.0
5669,V896.ysgRNA.raw,0.0
5688,V902.ysgRNA.raw,0.0
5689,V903.xsgRNA.raw,0.0
5690,V903.ysgRNA.raw,0.0
5700,V908.ysgRNA.raw,0.0
5707,V910.ysgRNA.raw,0.0
5706,V910.xsgRNA.raw,0.0
5705,V91.ysgRNA.raw,0.0
5704,V91.xsgRNA.raw,0.0
5703,V90sgRNA.raw,0.0
5702,V909.ysgRNA.raw,0.0
5701,V909.xsgRNA.raw,0.0
5699,V908.xsgRNA.raw,0.0
5691,V904.xsgRNA.raw,0.0
5698,V907.ysgRNA.raw,0.0
5697,V907.xsgRNA.raw,0.0
5696,V906.ysgRNA.raw,0.0
5695,V906.xsgRNA.raw,0.0
5694,V905.ysgRNA.raw,0.0
5693,V905.xsgRNA.raw,0.0
5692,V904.ysgRNA.raw,0.0
5753,V930.ysgRNA.raw,0.0
5756,V932.xsgRNA.raw,0.0
5845,V970.ysgRNA.raw,0.0
5824,V961.ysgRNA.raw,0.0
5821,V960.xsgRNA.raw,0.0
5820,V96.ysgRNA.raw,0.0
5819,V96.xsgRNA.raw,0.0
5818,V95sgRNA.raw,0.0
5817,V959.ysgRNA.raw,0.0
5816,V959.xsgRNA.raw,0.0
5815,V958.ysgRNA.raw,0.0
5814,V958.xsgRNA.raw,0.0
5813,V957.ysgRNA.raw,0.0
5812,V957.xsgRNA.raw,0.0
5811,V956.ysgRNA.raw,0.0
5809,V955.ysgRNA.raw,0.0
5808,V955.xsgRNA.raw,0.0
5807,V954.ysgRNA.raw,0.0
5806,V954.xsgRNA.raw,0.0
5805,V953.ysgRNA.raw,0.0
5804,V953.xsgRNA.raw,0.0
5822,V960.ysgRNA.raw,0.0
5825,V962.xsgRNA.raw,0.0
5757,V932.ysgRNA.raw,0.0
5826,V962.ysgRNA.raw,0.0
5844,V970.xsgRNA.raw,0.0
5843,V97.ysgRNA.raw,0.0
5841,V96sgRNA.raw,0.0
5840,V969.ysgRNA.raw,0.0
5839,V969.xsgRNA.raw,0.0
5838,V968.ysgRNA.raw,0.0
5837,V968.xsgRNA.raw,0.0
5836,V967.ysgRNA.raw,0.0
5835,V967.xsgRNA.raw,0.0
5834,V966.ysgRNA.raw,0.0
5833,V966.xsgRNA.raw,0.0
5832,V965.ysgRNA.raw,0.0
5831,V965.xsgRNA.raw,0.0
5830,V964.ysgRNA.raw,0.0
5829,V964.xsgRNA.raw,0.0
5828,V963.ysgRNA.raw,0.0
5827,V963.xsgRNA.raw,0.0
5803,V952.ysgRNA.raw,0.0
5802,V952.xsgRNA.raw,0.0
5801,V951.ysgRNA.raw,0.0
5800,V951.xsgRNA.raw,0.0
5776,V940.ysgRNA.raw,0.0
5775,V940.xsgRNA.raw,0.0
5774,V94.ysgRNA.raw,0.0
5773,V94.xsgRNA.raw,0.0
5772,V93sgRNA.raw,0.0
5771,V939.ysgRNA.raw,0.0
5770,V939.xsgRNA.raw,0.0
5769,V938.ysgRNA.raw,0.0
5768,V938.xsgRNA.raw,0.0
5767,V937.ysgRNA.raw,0.0
5766,V937.xsgRNA.raw,0.0
5765,V936.ysgRNA.raw,0.0
5764,V936.xsgRNA.raw,0.0
5763,V935.ysgRNA.raw,0.0
5762,V935.xsgRNA.raw,0.0
5759,V933.ysgRNA.raw,0.0
5758,V933.xsgRNA.raw,0.0
5778,V941.ysgRNA.raw,0.0
5780,V942.ysgRNA.raw,0.0
5781,V943.xsgRNA.raw,0.0
5791,V948.xsgRNA.raw,0.0
5799,V950.ysgRNA.raw,0.0
5798,V950.xsgRNA.raw,0.0
5796,V95.xsgRNA.raw,0.0
5795,V94sgRNA.raw,0.0
5794,V949.ysgRNA.raw,0.0
5793,V949.xsgRNA.raw,0.0
5792,V948.ysgRNA.raw,0.0
5790,V947.ysgRNA.raw,0.0
5782,V943.ysgRNA.raw,0.0
5789,V947.xsgRNA.raw,0.0
5788,V946.ysgRNA.raw,0.0
5787,V946.xsgRNA.raw,0.0
5786,V945.ysgRNA.raw,0.0
5785,V945.xsgRNA.raw,0.0
5784,V944.ysgRNA.raw,0.0
5783,V944.xsgRNA.raw,0.0
5293,V737.ysgRNA.raw,0.0
5290,V736.xsgRNA.raw,0.0
4531,V4331sgRNA.raw,0.0
4794,V532.xsgRNA.raw,0.0
4792,V531.xsgRNA.raw,0.0
4791,V530.ysgRNA.raw,0.0
4790,V530.xsgRNA.raw,0.0
4788,V53.y.ysgRNA.raw,0.0
4787,V53.xsgRNA.raw,0.0
4786,V53.x.xsgRNA.raw,0.0
4785,V529.ysgRNA.raw,0.0
4784,V529.xsgRNA.raw,0.0
4783,V528.ysgRNA.raw,0.0
4782,V528.xsgRNA.raw,0.0
4781,V527.ysgRNA.raw,0.0
4780,V527.xsgRNA.raw,0.0
4779,V526.ysgRNA.raw,0.0
4778,V526.xsgRNA.raw,0.0
4777,V525.ysgRNA.raw,0.0
4776,V525.xsgRNA.raw,0.0
4775,V524.ysgRNA.raw,0.0
4793,V531.ysgRNA.raw,0.0
4795,V532.ysgRNA.raw,0.0
4773,V523.ysgRNA.raw,0.0
4796,V533.xsgRNA.raw,0.0
4815,V540.ysgRNA.raw,0.0
4813,V54.ysgRNA.raw,0.0
4812,V54.y.ysgRNA.raw,0.0
4810,V54.x.xsgRNA.raw,0.0
4809,V539.ysgRNA.raw,0.0
4808,V539.xsgRNA.raw,0.0
4807,V538.ysgRNA.raw,0.0
4806,V538.xsgRNA.raw,0.0
4805,V537.ysgRNA.raw,0.0
4804,V537.xsgRNA.raw,0.0
4803,V536.ysgRNA.raw,0.0
4802,V536.xsgRNA.raw,0.0
4801,V535.ysgRNA.raw,0.0
4800,V535.xsgRNA.raw,0.0
4799,V534.ysgRNA.raw,0.0
4798,V534.xsgRNA.raw,0.0
4797,V533.ysgRNA.raw,0.0
4774,V524.xsgRNA.raw,0.0
4772,V523.xsgRNA.raw,0.0
4908,V58.y.ysgRNA.raw,0.0
4743,V510.ysgRNA.raw,0.0
4740,V51.y.ysgRNA.raw,0.0
4737,V509.ysgRNA.raw,0.0
4736,V509.xsgRNA.raw,0.0
4735,V508.ysgRNA.raw,0.0
4734,V508.xsgRNA.raw,0.0
4733,V507.ysgRNA.raw,0.0
4732,V507.xsgRNA.raw,0.0
4731,V506.ysgRNA.raw,0.0
4730,V506.xsgRNA.raw,0.0
4729,V505.ysgRNA.raw,0.0
4728,V505.xsgRNA.raw,0.0
4727,V504.ysgRNA.raw,0.0
4726,V504.xsgRNA.raw,0.0
4725,V503.ysgRNA.raw,0.0
4724,V503.xsgRNA.raw,0.0
4723,V502.ysgRNA.raw,0.0
4722,V502.xsgRNA.raw,0.0
4742,V510.xsgRNA.raw,0.0
4744,V511.xsgRNA.raw,0.0
4771,V522.ysgRNA.raw,0.0
4745,V511.ysgRNA.raw,0.0
4769,V521.ysgRNA.raw,0.0
4768,V521.xsgRNA.raw,0.0
4767,V520.ysgRNA.raw,0.0
4766,V520.xsgRNA.raw,0.0
4764,V52.y.ysgRNA.raw,0.0
4763,V52.xsgRNA.raw,0.0
4761,V519.ysgRNA.raw,0.0
4760,V519.xsgRNA.raw,0.0
4759,V518.ysgRNA.raw,0.0
4755,V516.ysgRNA.raw,0.0
4754,V516.xsgRNA.raw,0.0
4753,V515.ysgRNA.raw,0.0
4752,V515.xsgRNA.raw,0.0
4750,V514.xsgRNA.raw,0.0
4749,V513.ysgRNA.raw,0.0
4747,V512.ysgRNA.raw,0.0
4746,V512.xsgRNA.raw,0.0
4816,V541.xsgRNA.raw,0.0
4817,V541.ysgRNA.raw,0.0
4818,V542.xsgRNA.raw,0.0
4885,V57.ysgRNA.raw,0.0
4883,V57.xsgRNA.raw,0.0
4882,V57.x.xsgRNA.raw,0.0
4881,V569.ysgRNA.raw,0.0
4880,V569.xsgRNA.raw,0.0
4879,V568.ysgRNA.raw,0.0
4878,V568.xsgRNA.raw,0.0
4877,V567.ysgRNA.raw,0.0
4876,V567.xsgRNA.raw,0.0
4875,V566.ysgRNA.raw,0.0
4874,V566.xsgRNA.raw,0.0
4873,V565.ysgRNA.raw,0.0
4872,V565.xsgRNA.raw,0.0
4871,V564.ysgRNA.raw,0.0
4869,V563.ysgRNA.raw,0.0
4868,V563.xsgRNA.raw,0.0
4866,V562.xsgRNA.raw,0.0
4865,V561.ysgRNA.raw,0.0
4884,V57.y.ysgRNA.raw,0.0
4886,V570.xsgRNA.raw,0.0
4819,V542.ysgRNA.raw,0.0
4887,V570.ysgRNA.raw,0.0
4905,V579.ysgRNA.raw,0.0
4904,V579.xsgRNA.raw,0.0
4903,V578.ysgRNA.raw,0.0
4902,V578.xsgRNA.raw,0.0
4901,V577.ysgRNA.raw,0.0
4899,V576.ysgRNA.raw,0.0
4898,V576.xsgRNA.raw,0.0
4897,V575.ysgRNA.raw,0.0
4896,V575.xsgRNA.raw,0.0
4895,V574.ysgRNA.raw,0.0
4894,V574.xsgRNA.raw,0.0
4893,V573.ysgRNA.raw,0.0
4892,V573.xsgRNA.raw,0.0
4891,V572.ysgRNA.raw,0.0
4890,V572.xsgRNA.raw,0.0
4889,V571.ysgRNA.raw,0.0
4888,V571.xsgRNA.raw,0.0
4864,V561.xsgRNA.raw,0.0
4863,V560.ysgRNA.raw,0.0
4862,V560.xsgRNA.raw,0.0
4861,V56.ysgRNA.raw,0.0
4839,V550.ysgRNA.raw,0.0
4837,V55.ysgRNA.raw,0.0
4836,V55.y.ysgRNA.raw,0.0
4834,V55.x.xsgRNA.raw,0.0
4833,V549.ysgRNA.raw,0.0
4832,V549.xsgRNA.raw,0.0
4831,V548.ysgRNA.raw,0.0
3340,V3376sgRNA.raw,0.0
4829,V547.ysgRNA.raw,0.0
4828,V547.xsgRNA.raw,0.0
4827,V546.ysgRNA.raw,0.0
4826,V546.xsgRNA.raw,0.0
4825,V545.ysgRNA.raw,0.0
4823,V544.ysgRNA.raw,0.0
4822,V544.xsgRNA.raw,0.0
4821,V543.ysgRNA.raw,0.0
4820,V543.xsgRNA.raw,0.0
4840,V551.xsgRNA.raw,0.0
4841,V551.ysgRNA.raw,0.0
4842,V552.xsgRNA.raw,0.0
4852,V557.xsgRNA.raw,0.0
4860,V56.y.ysgRNA.raw,0.0
4858,V56.x.xsgRNA.raw,0.0
4857,V559.ysgRNA.raw,0.0
4856,V559.xsgRNA.raw,0.0
4855,V558.ysgRNA.raw,0.0
4854,V558.xsgRNA.raw,0.0
4853,V557.ysgRNA.raw,0.0
4851,V556.ysgRNA.raw,0.0
4843,V552.ysgRNA.raw,0.0
4850,V556.xsgRNA.raw,0.0
4849,V555.ysgRNA.raw,0.0
4848,V555.xsgRNA.raw,0.0
4847,V554.ysgRNA.raw,0.0
4846,V554.xsgRNA.raw,0.0
4845,V553.ysgRNA.raw,0.0
4844,V553.xsgRNA.raw,0.0
4721,V501.ysgRNA.raw,0.0
4720,V501.xsgRNA.raw,0.0
4719,V500.ysgRNA.raw,0.0
4602,V454.xsgRNA.raw,0.0
4600,V453.xsgRNA.raw,0.0
4599,V452.ysgRNA.raw,0.0
4598,V452.xsgRNA.raw,0.0
4597,V451.ysgRNA.raw,0.0
4596,V451.xsgRNA.raw,0.0
4595,V450.ysgRNA.raw,0.0
4594,V450.xsgRNA.raw,0.0
4592,V45.y.ysgRNA.raw,0.0
4590,V45.x.xsgRNA.raw,0.0
4589,V449.ysgRNA.raw,0.0
4588,V449.xsgRNA.raw,0.0
4586,V448.xsgRNA.raw,0.0
4585,V447.ysgRNA.raw,0.0
4584,V447.xsgRNA.raw,0.0
4583,V446.ysgRNA.raw,0.0
4581,V445.ysgRNA.raw,0.0
4579,V444.ysgRNA.raw,0.0
4601,V453.ysgRNA.raw,0.0
4603,V454.ysgRNA.raw,0.0
4626,V464.xsgRNA.raw,0.0
4604,V455.xsgRNA.raw,0.0
4624,V463.xsgRNA.raw,0.0
4623,V462.ysgRNA.raw,0.0
4622,V462.xsgRNA.raw,0.0
4621,V461.ysgRNA.raw,0.0
4620,V461.xsgRNA.raw,0.0
4619,V460.ysgRNA.raw,0.0
4618,V460.xsgRNA.raw,0.0
4616,V46.y.ysgRNA.raw,0.0
4613,V459.ysgRNA.raw,0.0
4612,V459.xsgRNA.raw,0.0
4611,V458.ysgRNA.raw,0.0
4610,V458.xsgRNA.raw,0.0
4609,V457.ysgRNA.raw,0.0
4608,V457.xsgRNA.raw,0.0
4607,V456.ysgRNA.raw,0.0
4606,V456.xsgRNA.raw,0.0
4605,V455.ysgRNA.raw,0.0
4578,V444.xsgRNA.raw,0.0
4577,V443.ysgRNA.raw,0.0
4576,V443.xsgRNA.raw,0.0
4575,V442.ysgRNA.raw,0.0
4552,V435.xsgRNA.raw,0.0
4550,V4348sgRNA.raw,0.0
4549,V4347sgRNA.raw,0.0
4548,V4346sgRNA.raw,0.0
4545,V4343sgRNA.raw,0.0
4544,V4342sgRNA.raw,0.0
4542,V4340sgRNA.raw,0.0
4541,V434.ysgRNA.raw,0.0
4540,V434.xsgRNA.raw,0.0
4539,V4339sgRNA.raw,0.0
4538,V4338sgRNA.raw,0.0
4537,V4337sgRNA.raw,0.0
4536,V4336sgRNA.raw,0.0
4535,V4335sgRNA.raw,0.0
4534,V4334sgRNA.raw,0.0
4533,V4333sgRNA.raw,0.0
4532,V4332sgRNA.raw,0.0
4553,V435.ysgRNA.raw,0.0
4554,V4350sgRNA.raw,0.0
4555,V4351sgRNA.raw,0.0
4565,V439.ysgRNA.raw,0.0
4574,V442.xsgRNA.raw,0.0
4573,V441.ysgRNA.raw,0.0
4572,V441.xsgRNA.raw,0.0
4571,V440.ysgRNA.raw,0.0
4570,V440.xsgRNA.raw,0.0
4569,V44.ysgRNA.raw,0.0
4568,V44.y.ysgRNA.raw,0.0
4564,V439.xsgRNA.raw,0.0
4556,V4352sgRNA.raw,0.0
4563,V438.ysgRNA.raw,0.0
4562,V438.xsgRNA.raw,0.0
4561,V437.ysgRNA.raw,0.0
4560,V437.xsgRNA.raw,0.0
4559,V436.ysgRNA.raw,0.0
4558,V436.xsgRNA.raw,0.0
4557,V4353sgRNA.raw,0.0
4625,V463.ysgRNA.raw,0.0
4627,V464.ysgRNA.raw,0.0
4718,V500.xsgRNA.raw,0.0
4693,V491.ysgRNA.raw,0.0
4691,V490.ysgRNA.raw,0.0
4690,V490.xsgRNA.raw,0.0
4689,V49.ysgRNA.raw,0.0
4688,V49.y.ysgRNA.raw,0.0
4687,V49.xsgRNA.raw,0.0
4686,V49.x.xsgRNA.raw,0.0
4685,V489.ysgRNA.raw,0.0
4684,V489.xsgRNA.raw,0.0
4683,V488.ysgRNA.raw,0.0
4682,V488.xsgRNA.raw,0.0
4681,V487.ysgRNA.raw,0.0
4680,V487.xsgRNA.raw,0.0
4679,V486.ysgRNA.raw,0.0
4678,V486.xsgRNA.raw,0.0
4677,V485.ysgRNA.raw,0.0
4676,V485.xsgRNA.raw,0.0
4675,V484.ysgRNA.raw,0.0
4692,V491.xsgRNA.raw,0.0
4694,V492.xsgRNA.raw,0.0
4628,V465.xsgRNA.raw,0.0
4696,V493.xsgRNA.raw,0.0
4716,V50.y.ysgRNA.raw,0.0
4715,V50.xsgRNA.raw,0.0
4714,V50.x.xsgRNA.raw,0.0
4713,V5.ysgRNA.raw,0.0
4712,V5.y.ysgRNA.raw,0.0
4711,V5.xsgRNA.raw,0.0
4710,V5.x.xsgRNA.raw,0.0
4708,V499.xsgRNA.raw,0.0
4707,V498.ysgRNA.raw,0.0
4706,V498.xsgRNA.raw,0.0
4704,V497.xsgRNA.raw,0.0
4703,V496.ysgRNA.raw,0.0
4702,V496.xsgRNA.raw,0.0
4701,V495.ysgRNA.raw,0.0
4700,V495.xsgRNA.raw,0.0
4699,V494.ysgRNA.raw,0.0
4697,V493.ysgRNA.raw,0.0
4674,V484.xsgRNA.raw,0.0
4673,V483.ysgRNA.raw,0.0
4672,V483.xsgRNA.raw,0.0
4671,V482.ysgRNA.raw,0.0
4647,V472.ysgRNA.raw,0.0
4646,V472.xsgRNA.raw,0.0
4645,V471.ysgRNA.raw,0.0
4643,V470.ysgRNA.raw,0.0
4642,V470.xsgRNA.raw,0.0
4641,V47.ysgRNA.raw,0.0
4640,V47.y.ysgRNA.raw,0.0
4638,V47.x.xsgRNA.raw,0.0
4637,V469.ysgRNA.raw,0.0
4636,V469.xsgRNA.raw,0.0
4635,V468.ysgRNA.raw,0.0
4634,V468.xsgRNA.raw,0.0
4633,V467.ysgRNA.raw,0.0
4632,V467.xsgRNA.raw,0.0
4631,V466.ysgRNA.raw,0.0
4630,V466.xsgRNA.raw,0.0
4629,V465.ysgRNA.raw,0.0
4648,V473.xsgRNA.raw,0.0
4649,V473.ysgRNA.raw,0.0
4650,V474.xsgRNA.raw,0.0
4661,V479.ysgRNA.raw,0.0
4670,V482.xsgRNA.raw,0.0
4669,V481.ysgRNA.raw,0.0
4667,V480.ysgRNA.raw,0.0
4666,V480.xsgRNA.raw,0.0
4665,V48.ysgRNA.raw,0.0
4664,V48.y.ysgRNA.raw,0.0
4662,V48.x.xsgRNA.raw,0.0
4659,V478.ysgRNA.raw,0.0
4651,V474.ysgRNA.raw,0.0
4658,V478.xsgRNA.raw,0.0
4657,V477.ysgRNA.raw,0.0
4656,V477.xsgRNA.raw,0.0
4655,V476.ysgRNA.raw,0.0
4654,V476.xsgRNA.raw,0.0
4653,V475.ysgRNA.raw,0.0
4652,V475.xsgRNA.raw,0.0
4906,V58.x.xsgRNA.raw,0.0
4909,V58.ysgRNA.raw,0.0
5289,V735.ysgRNA.raw,0.0
5171,V688.ysgRNA.raw,0.0
5169,V687.ysgRNA.raw,0.0
5168,V687.xsgRNA.raw,0.0
5167,V686.ysgRNA.raw,0.0
5166,V686.xsgRNA.raw,0.0
5165,V685.ysgRNA.raw,0.0
5164,V685.xsgRNA.raw,0.0
5163,V684.ysgRNA.raw,0.0
5162,V684.xsgRNA.raw,0.0
5161,V683.ysgRNA.raw,0.0
5160,V683.xsgRNA.raw,0.0
5159,V682.ysgRNA.raw,0.0
5158,V682.xsgRNA.raw,0.0
5157,V681.ysgRNA.raw,0.0
5155,V680.ysgRNA.raw,0.0
5154,V680.xsgRNA.raw,0.0
5153,V68.ysgRNA.raw,0.0
5152,V68.y.ysgRNA.raw,0.0
5170,V688.xsgRNA.raw,0.0
5172,V689.xsgRNA.raw,0.0
5148,V679.xsgRNA.raw,0.0
5173,V689.ysgRNA.raw,0.0
5191,V696.ysgRNA.raw,0.0
5190,V696.xsgRNA.raw,0.0
5189,V695.ysgRNA.raw,0.0
5188,V695.xsgRNA.raw,0.0
5187,V694.ysgRNA.raw,0.0
5186,V694.xsgRNA.raw,0.0
5185,V693.ysgRNA.raw,0.0
5184,V693.xsgRNA.raw,0.0
5183,V692.ysgRNA.raw,0.0
5182,V692.xsgRNA.raw,0.0
5181,V691.ysgRNA.raw,0.0
5180,V691.xsgRNA.raw,0.0
5179,V690.ysgRNA.raw,0.0
5178,V690.xsgRNA.raw,0.0
5177,V69.ysgRNA.raw,0.0
5176,V69.y.ysgRNA.raw,0.0
5174,V69.x.xsgRNA.raw,0.0
5149,V679.ysgRNA.raw,0.0
5147,V678.ysgRNA.raw,0.0
4911,V580.ysgRNA.raw,0.0
5123,V668.ysgRNA.raw,0.0
5121,V667.ysgRNA.raw,0.0
5120,V667.xsgRNA.raw,0.0
5119,V666.ysgRNA.raw,0.0
5118,V666.xsgRNA.raw,0.0
5117,V665.ysgRNA.raw,0.0
5116,V665.xsgRNA.raw,0.0
5115,V664.ysgRNA.raw,0.0
5114,V664.xsgRNA.raw,0.0
5112,V663.xsgRNA.raw,0.0
5111,V662.ysgRNA.raw,0.0
5109,V661.ysgRNA.raw,0.0
5108,V661.xsgRNA.raw,0.0
5107,V660.ysgRNA.raw,0.0
5106,V660.xsgRNA.raw,0.0
5105,V66.ysgRNA.raw,0.0
5104,V66.y.ysgRNA.raw,0.0
5103,V66.xsgRNA.raw,0.0
5122,V668.xsgRNA.raw,0.0
5125,V669.ysgRNA.raw,0.0
5146,V678.xsgRNA.raw,0.0
5126,V67.x.xsgRNA.raw,0.0
5145,V677.ysgRNA.raw,0.0
5144,V677.xsgRNA.raw,0.0
5143,V676.ysgRNA.raw,0.0
5142,V676.xsgRNA.raw,0.0
5141,V675.ysgRNA.raw,0.0
5140,V675.xsgRNA.raw,0.0
5139,V674.ysgRNA.raw,0.0
5138,V674.xsgRNA.raw,0.0
5137,V673.ysgRNA.raw,0.0
5136,V673.xsgRNA.raw,0.0
5135,V672.ysgRNA.raw,0.0
5134,V672.xsgRNA.raw,0.0
5133,V671.ysgRNA.raw,0.0
5132,V671.xsgRNA.raw,0.0
5131,V670.ysgRNA.raw,0.0
5130,V670.xsgRNA.raw,0.0
5128,V67.y.ysgRNA.raw,0.0
5192,V697.xsgRNA.raw,0.0
5193,V697.ysgRNA.raw,0.0
5194,V698.xsgRNA.raw,0.0
5264,V725.xsgRNA.raw,0.0
5262,V724.xsgRNA.raw,0.0
5261,V723.ysgRNA.raw,0.0
5260,V723.xsgRNA.raw,0.0
5259,V722.ysgRNA.raw,0.0
5258,V722.xsgRNA.raw,0.0
5257,V721.ysgRNA.raw,0.0
5256,V721.xsgRNA.raw,0.0
5255,V720.ysgRNA.raw,0.0
5254,V720.xsgRNA.raw,0.0
5253,V72.ysgRNA.raw,0.0
5252,V72.y.ysgRNA.raw,0.0
5250,V72.x.xsgRNA.raw,0.0
5249,V719.ysgRNA.raw,0.0
5248,V719.xsgRNA.raw,0.0
5247,V718.ysgRNA.raw,0.0
5246,V718.xsgRNA.raw,0.0
5245,V717.ysgRNA.raw,0.0
5263,V724.ysgRNA.raw,0.0
5265,V725.ysgRNA.raw,0.0
5195,V698.ysgRNA.raw,0.0
5267,V726.ysgRNA.raw,0.0
5287,V734.ysgRNA.raw,0.0
5286,V734.xsgRNA.raw,0.0
5285,V733.ysgRNA.raw,0.0
5284,V733.xsgRNA.raw,0.0
5283,V732.ysgRNA.raw,0.0
5282,V732.xsgRNA.raw,0.0
5281,V731.ysgRNA.raw,0.0
5280,V731.xsgRNA.raw,0.0
5279,V730.ysgRNA.raw,0.0
5278,V730.xsgRNA.raw,0.0
5277,V73.ysgRNA.raw,0.0
5276,V73.y.ysgRNA.raw,0.0
5273,V729.ysgRNA.raw,0.0
5272,V729.xsgRNA.raw,0.0
5271,V728.ysgRNA.raw,0.0
5269,V727.ysgRNA.raw,0.0
5268,V727.xsgRNA.raw,0.0
5244,V717.xsgRNA.raw,0.0
5243,V716.ysgRNA.raw,0.0
5242,V716.xsgRNA.raw,0.0
5241,V715.ysgRNA.raw,0.0
5217,V705.ysgRNA.raw,0.0
5216,V705.xsgRNA.raw,0.0
5215,V704.ysgRNA.raw,0.0
5214,V704.xsgRNA.raw,0.0
5212,V703.xsgRNA.raw,0.0
5211,V702.ysgRNA.raw,0.0
5210,V702.xsgRNA.raw,0.0
5209,V701.ysgRNA.raw,0.0
5208,V701.xsgRNA.raw,0.0
5207,V700.ysgRNA.raw,0.0
5206,V700.xsgRNA.raw,0.0
5204,V70.y.ysgRNA.raw,0.0
5203,V70.xsgRNA.raw,0.0
5200,V7.y.ysgRNA.raw,0.0
5199,V7.xsgRNA.raw,0.0
5197,V699.ysgRNA.raw,0.0
5196,V699.xsgRNA.raw,0.0
5218,V706.xsgRNA.raw,0.0
5219,V706.ysgRNA.raw,0.0
5220,V707.xsgRNA.raw,0.0
5232,V711.xsgRNA.raw,0.0
5240,V715.xsgRNA.raw,0.0
5239,V714.ysgRNA.raw,0.0
5238,V714.xsgRNA.raw,0.0
5237,V713.ysgRNA.raw,0.0
5236,V713.xsgRNA.raw,0.0
5234,V712.xsgRNA.raw,0.0
5233,V711.ysgRNA.raw,0.0
5230,V710.xsgRNA.raw,0.0
5221,V707.ysgRNA.raw,0.0
5229,V71.ysgRNA.raw,0.0
5228,V71.y.ysgRNA.raw,0.0
5226,V71.x.xsgRNA.raw,0.0
5225,V709.ysgRNA.raw,0.0
5224,V709.xsgRNA.raw,0.0
5223,V708.ysgRNA.raw,0.0
5222,V708.xsgRNA.raw,0.0
5102,V66.x.xsgRNA.raw,0.0
5101,V659.ysgRNA.raw,0.0
5100,V659.xsgRNA.raw,0.0
4982,V61.x.xsgRNA.raw,0.0
4980,V609.xsgRNA.raw,0.0
4978,V608.xsgRNA.raw,0.0
4977,V607.ysgRNA.raw,0.0
4976,V607.xsgRNA.raw,0.0
4975,V606.ysgRNA.raw,0.0
4974,V606.xsgRNA.raw,0.0
4973,V605.ysgRNA.raw,0.0
4972,V605.xsgRNA.raw,0.0
4971,V604.ysgRNA.raw,0.0
4969,V603.ysgRNA.raw,0.0
4968,V603.xsgRNA.raw,0.0
4967,V602.ysgRNA.raw,0.0
4966,V602.xsgRNA.raw,0.0
4965,V601.ysgRNA.raw,0.0
4964,V601.xsgRNA.raw,0.0
4963,V600.ysgRNA.raw,0.0
4962,V600.xsgRNA.raw,0.0
4981,V609.ysgRNA.raw,0.0
4984,V61.y.ysgRNA.raw,0.0
5007,V62.xsgRNA.raw,0.0
4986,V610.xsgRNA.raw,0.0
5004,V619.xsgRNA.raw,0.0
5002,V618.xsgRNA.raw,0.0
5001,V617.ysgRNA.raw,0.0
5000,V617.xsgRNA.raw,0.0
4999,V616.ysgRNA.raw,0.0
4998,V616.xsgRNA.raw,0.0
4997,V615.ysgRNA.raw,0.0
4996,V615.xsgRNA.raw,0.0
4995,V614.ysgRNA.raw,0.0
4994,V614.xsgRNA.raw,0.0
4993,V613.ysgRNA.raw,0.0
4992,V613.xsgRNA.raw,0.0
4991,V612.ysgRNA.raw,0.0
4990,V612.xsgRNA.raw,0.0
4989,V611.ysgRNA.raw,0.0
4988,V611.xsgRNA.raw,0.0
4987,V610.ysgRNA.raw,0.0
4961,V60.ysgRNA.raw,0.0
4960,V60.y.ysgRNA.raw,0.0
4958,V60.x.xsgRNA.raw,0.0
4956,V6.y.ysgRNA.raw,0.0
4930,V59.x.xsgRNA.raw,0.0
4929,V589.ysgRNA.raw,0.0
4928,V589.xsgRNA.raw,0.0
4926,V588.xsgRNA.raw,0.0
4925,V587.ysgRNA.raw,0.0
4924,V587.xsgRNA.raw,0.0
4923,V586.ysgRNA.raw,0.0
4922,V586.xsgRNA.raw,0.0
4921,V585.ysgRNA.raw,0.0
4920,V585.xsgRNA.raw,0.0
4919,V584.ysgRNA.raw,0.0
4918,V584.xsgRNA.raw,0.0
4917,V583.ysgRNA.raw,0.0
4915,V582.ysgRNA.raw,0.0
4914,V582.xsgRNA.raw,0.0
4913,V581.ysgRNA.raw,0.0
4912,V581.xsgRNA.raw,0.0
4932,V59.y.ysgRNA.raw,0.0
4933,V59.ysgRNA.raw,0.0
4934,V590.xsgRNA.raw,0.0
4945,V595.ysgRNA.raw,0.0
4953,V599.ysgRNA.raw,0.0
4952,V599.xsgRNA.raw,0.0
4951,V598.ysgRNA.raw,0.0
4950,V598.xsgRNA.raw,0.0
4949,V597.ysgRNA.raw,0.0
4947,V596.ysgRNA.raw,0.0
4946,V596.xsgRNA.raw,0.0
4944,V595.xsgRNA.raw,0.0
4935,V590.ysgRNA.raw,0.0
4943,V594.ysgRNA.raw,0.0
4942,V594.xsgRNA.raw,0.0
4941,V593.ysgRNA.raw,0.0
4940,V593.xsgRNA.raw,0.0
4939,V592.ysgRNA.raw,0.0
4938,V592.xsgRNA.raw,0.0
4936,V591.xsgRNA.raw,0.0
5006,V62.x.xsgRNA.raw,0.0
5008,V62.y.ysgRNA.raw,0.0
5099,V658.ysgRNA.raw,0.0
5078,V65.x.xsgRNA.raw,0.0
5076,V649.xsgRNA.raw,0.0
5075,V648.ysgRNA.raw,0.0
5074,V648.xsgRNA.raw,0.0
5073,V647.ysgRNA.raw,0.0
5072,V647.xsgRNA.raw,0.0
5071,V646.ysgRNA.raw,0.0
5070,V646.xsgRNA.raw,0.0
5069,V645.ysgRNA.raw,0.0
5068,V645.xsgRNA.raw,0.0
5067,V644.ysgRNA.raw,0.0
5066,V644.xsgRNA.raw,0.0
5064,V643.xsgRNA.raw,0.0
5063,V642.ysgRNA.raw,0.0
5062,V642.xsgRNA.raw,0.0
5061,V641.ysgRNA.raw,0.0
5059,V640.ysgRNA.raw,0.0
5058,V640.xsgRNA.raw,0.0
5077,V649.ysgRNA.raw,0.0
5080,V65.y.ysgRNA.raw,0.0
5009,V62.ysgRNA.raw,0.0
5081,V65.ysgRNA.raw,0.0
5098,V658.xsgRNA.raw,0.0
5097,V657.ysgRNA.raw,0.0
5096,V657.xsgRNA.raw,0.0
5095,V656.ysgRNA.raw,0.0
5094,V656.xsgRNA.raw,0.0
5093,V655.ysgRNA.raw,0.0
5092,V655.xsgRNA.raw,0.0
5091,V654.ysgRNA.raw,0.0
5090,V654.xsgRNA.raw,0.0
5089,V653.ysgRNA.raw,0.0
5088,V653.xsgRNA.raw,0.0
5087,V652.ysgRNA.raw,0.0
5086,V652.xsgRNA.raw,0.0
5085,V651.ysgRNA.raw,0.0
5084,V651.xsgRNA.raw,0.0
5083,V650.ysgRNA.raw,0.0
5082,V650.xsgRNA.raw,0.0
5057,V64.ysgRNA.raw,0.0
5056,V64.y.ysgRNA.raw,0.0
5054,V64.x.xsgRNA.raw,0.0
5052,V639.xsgRNA.raw,0.0
5026,V628.xsgRNA.raw,0.0
5025,V627.ysgRNA.raw,0.0
5024,V627.xsgRNA.raw,0.0
5023,V626.ysgRNA.raw,0.0
5022,V626.xsgRNA.raw,0.0
5021,V625.ysgRNA.raw,0.0
5020,V625.xsgRNA.raw,0.0
5019,V624.ysgRNA.raw,0.0
5018,V624.xsgRNA.raw,0.0
5017,V623.ysgRNA.raw,0.0
5016,V623.xsgRNA.raw,0.0
5015,V622.ysgRNA.raw,0.0
5014,V622.xsgRNA.raw,0.0
5013,V621.ysgRNA.raw,0.0
5012,V621.xsgRNA.raw,0.0
5011,V620.ysgRNA.raw,0.0
5010,V620.xsgRNA.raw,0.0
5027,V628.ysgRNA.raw,0.0
5028,V629.xsgRNA.raw,0.0
5029,V629.ysgRNA.raw,0.0
5044,V635.xsgRNA.raw,0.0
5051,V638.ysgRNA.raw,0.0
5050,V638.xsgRNA.raw,0.0
5049,V637.ysgRNA.raw,0.0
5048,V637.xsgRNA.raw,0.0
5047,V636.ysgRNA.raw,0.0
5046,V636.xsgRNA.raw,0.0
5045,V635.ysgRNA.raw,0.0
5043,V634.ysgRNA.raw,0.0
5032,V63.y.ysgRNA.raw,0.0
5042,V634.xsgRNA.raw,0.0
5041,V633.ysgRNA.raw,0.0
5039,V632.ysgRNA.raw,0.0
5037,V631.ysgRNA.raw,0.0
5035,V630.ysgRNA.raw,0.0
5034,V630.xsgRNA.raw,0.0
5033,V63.ysgRNA.raw,0.0
3341,V3377sgRNA.raw,0.0
0,gene.distance0,0.0
3339,V3375sgRNA.raw,0.0
1183,V1749sgRNA.raw,0.0
1181,V1747sgRNA.raw,0.0
1180,V1746sgRNA.raw,0.0
1179,V1745sgRNA.raw,0.0
1178,V1744sgRNA.raw,0.0
1177,V1743sgRNA.raw,0.0
1176,V1742sgRNA.raw,0.0
1175,V1741sgRNA.raw,0.0
1174,V1740sgRNA.raw,0.0
1173,V174.ysgRNA.raw,0.0
1171,V173sgRNA.raw,0.0
1170,V1739sgRNA.raw,0.0
1169,V1738sgRNA.raw,0.0
1168,V1737sgRNA.raw,0.0
1167,V1736sgRNA.raw,0.0
1166,V1735sgRNA.raw,0.0
1165,V1734sgRNA.raw,0.0
1163,V1732sgRNA.raw,0.0
1162,V1731sgRNA.raw,0.0
1157,V1729sgRNA.raw,0.0
1182,V1748sgRNA.raw,0.0
1184,V174sgRNA.raw,0.0
1104,V169.ysgRNA.raw,0.0
1185,V175.xsgRNA.raw,0.0
1204,V1764sgRNA.raw,0.0
1203,V1763sgRNA.raw,0.0
1202,V1762sgRNA.raw,0.0
1201,V1761sgRNA.raw,0.0
1200,V1760sgRNA.raw,0.0
1199,V176.ysgRNA.raw,0.0
1198,V176.xsgRNA.raw,0.0
1197,V175sgRNA.raw,0.0
1196,V1759sgRNA.raw,0.0
1195,V1758sgRNA.raw,0.0
1194,V1757sgRNA.raw,0.0
1193,V1756sgRNA.raw,0.0
1192,V1755sgRNA.raw,0.0
1191,V1754sgRNA.raw,0.0
1190,V1753sgRNA.raw,0.0
1189,V1752sgRNA.raw,0.0
1188,V1751sgRNA.raw,0.0
1187,V1750sgRNA.raw,0.0
1186,V175.ysgRNA.raw,0.0
1156,V1728sgRNA.raw,0.0
1155,V1727sgRNA.raw,0.0
1154,V1726sgRNA.raw,0.0
1153,V1725sgRNA.raw,0.0
1128,V1706sgRNA.raw,0.0
1127,V1705sgRNA.raw,0.0
1126,V1704sgRNA.raw,0.0
1125,V1703sgRNA.raw,0.0
1124,V1702sgRNA.raw,0.0
1123,V1701sgRNA.raw,0.0
1122,V1700sgRNA.raw,0.0
1121,V170.ysgRNA.raw,0.0
1120,V170.xsgRNA.raw,0.0
1118,V17.y.ysgRNA.raw,0.0
1115,V169sgRNA.raw,0.0
1114,V1699sgRNA.raw,0.0
1113,V1698sgRNA.raw,0.0
1112,V1697sgRNA.raw,0.0
1111,V1696sgRNA.raw,0.0
1110,V1695sgRNA.raw,0.0
1109,V1694sgRNA.raw,0.0
1108,V1693sgRNA.raw,0.0
1106,V1691sgRNA.raw,0.0
1129,V1707sgRNA.raw,0.0
1130,V1708sgRNA.raw,0.0
1131,V1709sgRNA.raw,0.0
1142,V1717sgRNA.raw,0.0
1152,V1724sgRNA.raw,0.0
1151,V1723sgRNA.raw,0.0
1150,V1722sgRNA.raw,0.0
1149,V1721sgRNA.raw,0.0
1148,V1720sgRNA.raw,0.0
1147,V172.ysgRNA.raw,0.0
1145,V171sgRNA.raw,0.0
1144,V1719sgRNA.raw,0.0
1141,V1716sgRNA.raw,0.0
1132,V170sgRNA.raw,0.0
1140,V1715sgRNA.raw,0.0
1139,V1714sgRNA.raw,0.0
1138,V1713sgRNA.raw,0.0
1137,V1712sgRNA.raw,0.0
1136,V1711sgRNA.raw,0.0
1135,V1710sgRNA.raw,0.0
1134,V171.ysgRNA.raw,0.0
1133,V171.xsgRNA.raw,0.0
1205,V1765sgRNA.raw,0.0
1206,V1766sgRNA.raw,0.0
1207,V1767sgRNA.raw,0.0
1261,V1805sgRNA.raw,0.0
1283,V1821sgRNA.raw,0.0
1282,V1820sgRNA.raw,0.0
1281,V182.ysgRNA.raw,0.0
1280,V182.xsgRNA.raw,0.0
1279,V181sgRNA.raw,0.0
1278,V1819sgRNA.raw,0.0
1277,V1818sgRNA.raw,0.0
1276,V1817sgRNA.raw,0.0
1275,V1816sgRNA.raw,0.0
1274,V1815sgRNA.raw,0.0
1272,V1813sgRNA.raw,0.0
1271,V1812sgRNA.raw,0.0
1270,V1811sgRNA.raw,0.0
1269,V1810sgRNA.raw,0.0
1268,V181.ysgRNA.raw,0.0
1266,V180sgRNA.raw,0.0
1265,V1809sgRNA.raw,0.0
1264,V1808sgRNA.raw,0.0
1263,V1807sgRNA.raw,0.0
1284,V1822sgRNA.raw,0.0
1285,V1823sgRNA.raw,0.0
1286,V1824sgRNA.raw,0.0
1299,V1834sgRNA.raw,0.0
1311,V1843sgRNA.raw,0.0
1310,V1842sgRNA.raw,0.0
1309,V1841sgRNA.raw,0.0
1308,V1840sgRNA.raw,0.0
1307,V184.ysgRNA.raw,0.0
1304,V1839sgRNA.raw,0.0
1303,V1838sgRNA.raw,0.0
1301,V1836sgRNA.raw,0.0
1298,V1833sgRNA.raw,0.0
1287,V1825sgRNA.raw,0.0
1297,V1832sgRNA.raw,0.0
1296,V1831sgRNA.raw,0.0
1295,V1830sgRNA.raw,0.0
1292,V182sgRNA.raw,0.0
1291,V1829sgRNA.raw,0.0
1290,V1828sgRNA.raw,0.0
1289,V1827sgRNA.raw,0.0
1288,V1826sgRNA.raw,0.0
1262,V1806sgRNA.raw,0.0
1260,V1804sgRNA.raw,0.0
1208,V1768sgRNA.raw,0.0
1259,V1803sgRNA.raw,0.0
1231,V1785sgRNA.raw,0.0
1230,V1784sgRNA.raw,0.0
1229,V1783sgRNA.raw,0.0
1228,V1782sgRNA.raw,0.0
1227,V1781sgRNA.raw,0.0
1226,V1780sgRNA.raw,0.0
1225,V178.ysgRNA.raw,0.0
1223,V177sgRNA.raw,0.0
1222,V1779sgRNA.raw,0.0
1221,V1778sgRNA.raw,0.0
1219,V1776sgRNA.raw,0.0
1218,V1775sgRNA.raw,0.0
1216,V1773sgRNA.raw,0.0
1215,V1772sgRNA.raw,0.0
1214,V1771sgRNA.raw,0.0
1213,V1770sgRNA.raw,0.0
1212,V177.ysgRNA.raw,0.0
1210,V176sgRNA.raw,0.0
1209,V1769sgRNA.raw,0.0
1232,V1786sgRNA.raw,0.0
1233,V1787sgRNA.raw,0.0
1234,V1788sgRNA.raw,0.0
1247,V1798sgRNA.raw,0.0
1258,V1802sgRNA.raw,0.0
1257,V1801sgRNA.raw,0.0
1256,V1800sgRNA.raw,0.0
1255,V180.ysgRNA.raw,0.0
1252,V18.y.ysgRNA.raw,0.0
1250,V18.x.xsgRNA.raw,0.0
1249,V179sgRNA.raw,0.0
1248,V1799sgRNA.raw,0.0
1246,V1797sgRNA.raw,0.0
1235,V1789sgRNA.raw,0.0
1245,V1796sgRNA.raw,0.0
1244,V1795sgRNA.raw,0.0
1243,V1794sgRNA.raw,0.0
1242,V1793sgRNA.raw,0.0
1241,V1792sgRNA.raw,0.0
1240,V1791sgRNA.raw,0.0
1239,V1790sgRNA.raw,0.0
1236,V178sgRNA.raw,0.0
1105,V1690sgRNA.raw,0.0
1103,V169.xsgRNA.raw,0.0
905,V154.ysgRNA.raw,0.0
977,V1596sgRNA.raw,0.0
975,V1594sgRNA.raw,0.0
974,V1593sgRNA.raw,0.0
973,V1592sgRNA.raw,0.0
972,V1591sgRNA.raw,0.0
971,V1590sgRNA.raw,0.0
970,V159.ysgRNA.raw,0.0
968,V158sgRNA.raw,0.0
967,V1589sgRNA.raw,0.0
966,V1588sgRNA.raw,0.0
965,V1587sgRNA.raw,0.0
964,V1586sgRNA.raw,0.0
963,V1585sgRNA.raw,0.0
962,V1584sgRNA.raw,0.0
961,V1583sgRNA.raw,0.0
960,V1582sgRNA.raw,0.0
959,V1581sgRNA.raw,0.0
958,V1580sgRNA.raw,0.0
957,V158.ysgRNA.raw,0.0
956,V158.xsgRNA.raw,0.0
976,V1595sgRNA.raw,0.0
978,V1597sgRNA.raw,0.0
1101,V1689sgRNA.raw,0.0
979,V1598sgRNA.raw,0.0
1001,V1610sgRNA.raw,0.0
1000,V161.ysgRNA.raw,0.0
998,V160sgRNA.raw,0.0
997,V1609sgRNA.raw,0.0
996,V1608sgRNA.raw,0.0
995,V1607sgRNA.raw,0.0
994,V1606sgRNA.raw,0.0
993,V1605sgRNA.raw,0.0
991,V1603sgRNA.raw,0.0
990,V1602sgRNA.raw,0.0
989,V1601sgRNA.raw,0.0
988,V1600sgRNA.raw,0.0
986,V160.xsgRNA.raw,0.0
985,V16.ysgRNA.raw,0.0
984,V16.y.ysgRNA.raw,0.0
983,V16.xsgRNA.raw,0.0
982,V16.x.xsgRNA.raw,0.0
981,V159sgRNA.raw,0.0
980,V1599sgRNA.raw,0.0
955,V157sgRNA.raw,0.0
954,V1579sgRNA.raw,0.0
953,V1578sgRNA.raw,0.0
951,V1576sgRNA.raw,0.0
925,V1556sgRNA.raw,0.0
924,V1555sgRNA.raw,0.0
923,V1554sgRNA.raw,0.0
922,V1553sgRNA.raw,0.0
921,V1552sgRNA.raw,0.0
920,V1551sgRNA.raw,0.0
919,V1550sgRNA.raw,0.0
918,V155.ysgRNA.raw,0.0
917,V155.xsgRNA.raw,0.0
916,V154sgRNA.raw,0.0
915,V1549sgRNA.raw,0.0
914,V1548sgRNA.raw,0.0
913,V1547sgRNA.raw,0.0
912,V1546sgRNA.raw,0.0
911,V1545sgRNA.raw,0.0
910,V1544sgRNA.raw,0.0
909,V1543sgRNA.raw,0.0
908,V1542sgRNA.raw,0.0
907,V1541sgRNA.raw,0.0
926,V1557sgRNA.raw,0.0
927,V1558sgRNA.raw,0.0
928,V1559sgRNA.raw,0.0
941,V1569sgRNA.raw,0.0
949,V1574sgRNA.raw,0.0
948,V1573sgRNA.raw,0.0
947,V1572sgRNA.raw,0.0
946,V1571sgRNA.raw,0.0
945,V1570sgRNA.raw,0.0
944,V157.ysgRNA.raw,0.0
943,V157.xsgRNA.raw,0.0
942,V156sgRNA.raw,0.0
940,V1568sgRNA.raw,0.0
929,V155sgRNA.raw,0.0
939,V1567sgRNA.raw,0.0
938,V1566sgRNA.raw,0.0
937,V1565sgRNA.raw,0.0
936,V1564sgRNA.raw,0.0
935,V1563sgRNA.raw,0.0
934,V1562sgRNA.raw,0.0
933,V1561sgRNA.raw,0.0
932,V1560sgRNA.raw,0.0
1002,V1611sgRNA.raw,0.0
1003,V1612sgRNA.raw,0.0
1004,V1613sgRNA.raw,0.0
1050,V164sgRNA.raw,0.0
1074,V1668sgRNA.raw,0.0
1073,V1667sgRNA.raw,0.0
1072,V1666sgRNA.raw,0.0
1070,V1664sgRNA.raw,0.0
1069,V1663sgRNA.raw,0.0
1068,V1662sgRNA.raw,0.0
1067,V1661sgRNA.raw,0.0
1066,V1660sgRNA.raw,0.0
1065,V166.ysgRNA.raw,0.0
1063,V165sgRNA.raw,0.0
1062,V1659sgRNA.raw,0.0
1061,V1658sgRNA.raw,0.0
1060,V1657sgRNA.raw,0.0
1059,V1656sgRNA.raw,0.0
1058,V1655sgRNA.raw,0.0
1057,V1654sgRNA.raw,0.0
1056,V1653sgRNA.raw,0.0
1055,V1652sgRNA.raw,0.0
1053,V1650sgRNA.raw,0.0
1075,V1669sgRNA.raw,0.0
1076,V166sgRNA.raw,0.0
1078,V167.ysgRNA.raw,0.0
1090,V168.xsgRNA.raw,0.0
1099,V1687sgRNA.raw,0.0
1097,V1685sgRNA.raw,0.0
1096,V1684sgRNA.raw,0.0
1095,V1683sgRNA.raw,0.0
1094,V1682sgRNA.raw,0.0
1093,V1681sgRNA.raw,0.0
1092,V1680sgRNA.raw,0.0
1091,V168.ysgRNA.raw,0.0
1089,V167sgRNA.raw,0.0
1079,V1670sgRNA.raw,0.0
1088,V1679sgRNA.raw,0.0
1087,V1678sgRNA.raw,0.0
1086,V1677sgRNA.raw,0.0
1085,V1676sgRNA.raw,0.0
1084,V1675sgRNA.raw,0.0
1083,V1674sgRNA.raw,0.0
1082,V1673sgRNA.raw,0.0
1081,V1672sgRNA.raw,0.0
1052,V165.ysgRNA.raw,0.0
1049,V1649sgRNA.raw,0.0
1005,V1614sgRNA.raw,0.0
1048,V1648sgRNA.raw,0.0
1024,V162sgRNA.raw,0.0
1023,V1629sgRNA.raw,0.0
1022,V1628sgRNA.raw,0.0
1021,V1627sgRNA.raw,0.0
1020,V1626sgRNA.raw,0.0
1019,V1625sgRNA.raw,0.0
1018,V1624sgRNA.raw,0.0
1017,V1623sgRNA.raw,0.0
1016,V1622sgRNA.raw,0.0
1015,V1621sgRNA.raw,0.0
1014,V1620sgRNA.raw,0.0
1013,V162.ysgRNA.raw,0.0
1012,V162.xsgRNA.raw,0.0
1011,V161sgRNA.raw,0.0
1010,V1619sgRNA.raw,0.0
1009,V1618sgRNA.raw,0.0
1008,V1617sgRNA.raw,0.0
1007,V1616sgRNA.raw,0.0
1006,V1615sgRNA.raw,0.0
1025,V163.xsgRNA.raw,0.0
1026,V163.ysgRNA.raw,0.0
1027,V1630sgRNA.raw,0.0
1038,V164.xsgRNA.raw,0.0
1047,V1647sgRNA.raw,0.0
1046,V1646sgRNA.raw,0.0
1045,V1645sgRNA.raw,0.0
1044,V1644sgRNA.raw,0.0
1043,V1643sgRNA.raw,0.0
1042,V1642sgRNA.raw,0.0
1041,V1641sgRNA.raw,0.0
1040,V1640sgRNA.raw,0.0
1037,V163sgRNA.raw,0.0
1028,V1631sgRNA.raw,0.0
1036,V1639sgRNA.raw,0.0
1035,V1638sgRNA.raw,0.0
1034,V1637sgRNA.raw,0.0
1033,V1636sgRNA.raw,0.0
1032,V1635sgRNA.raw,0.0
1031,V1634sgRNA.raw,0.0
1030,V1633sgRNA.raw,0.0
1029,V1632sgRNA.raw,0.0
1312,V1844sgRNA.raw,0.0
1313,V1845sgRNA.raw,0.0
1314,V1846sgRNA.raw,0.0
1589,V2049sgRNA.raw,0.0
1587,V2047sgRNA.raw,0.0
1586,V2046sgRNA.raw,0.0
1585,V2045sgRNA.raw,0.0
1584,V2044sgRNA.raw,0.0
1583,V2043sgRNA.raw,0.0
1582,V2042sgRNA.raw,0.0
1580,V2040sgRNA.raw,0.0
1577,V203sgRNA.raw,0.0
1576,V2039sgRNA.raw,0.0
1575,V2038sgRNA.raw,0.0
1574,V2037sgRNA.raw,0.0
1573,V2036sgRNA.raw,0.0
1571,V2034sgRNA.raw,0.0
1569,V2032sgRNA.raw,0.0
1568,V2031sgRNA.raw,0.0
1567,V2030sgRNA.raw,0.0
1566,V203.ysgRNA.raw,0.0
1565,V203.xsgRNA.raw,0.0
1562,V2028sgRNA.raw,0.0
1588,V2048sgRNA.raw,0.0
1590,V204sgRNA.raw,0.0
1315,V1847sgRNA.raw,0.0
1592,V205.ysgRNA.raw,0.0
1613,V2067sgRNA.raw,0.0
1612,V2066sgRNA.raw,0.0
1611,V2065sgRNA.raw,0.0
1610,V2064sgRNA.raw,0.0
1609,V2063sgRNA.raw,0.0
1608,V2062sgRNA.raw,0.0
1606,V2060sgRNA.raw,0.0
1605,V206.ysgRNA.raw,0.0
1603,V205sgRNA.raw,0.0
1602,V2059sgRNA.raw,0.0
1601,V2058sgRNA.raw,0.0
1600,V2057sgRNA.raw,0.0
1599,V2056sgRNA.raw,0.0
1598,V2055sgRNA.raw,0.0
1597,V2054sgRNA.raw,0.0
1596,V2053sgRNA.raw,0.0
1595,V2052sgRNA.raw,0.0
1594,V2051sgRNA.raw,0.0
1593,V2050sgRNA.raw,0.0
1561,V2027sgRNA.raw,0.0
1560,V2026sgRNA.raw,0.0
1559,V2025sgRNA.raw,0.0
1557,V2023sgRNA.raw,0.0
1533,V2005sgRNA.raw,0.0
1532,V2004sgRNA.raw,0.0
1531,V2003sgRNA.raw,0.0
1530,V2002sgRNA.raw,0.0
1529,V2001sgRNA.raw,0.0
1528,V2000sgRNA.raw,0.0
1527,V200.ysgRNA.raw,0.0
1526,V200.xsgRNA.raw,0.0
1524,V20.y.ysgRNA.raw,0.0
1523,V20.xsgRNA.raw,0.0
1520,V2.y.ysgRNA.raw,0.0
1518,V2.x.xsgRNA.raw,0.0
1517,V199sgRNA.raw,0.0
1516,V1999sgRNA.raw,0.0
1515,V1998sgRNA.raw,0.0
1514,V1997sgRNA.raw,0.0
1513,V1996sgRNA.raw,0.0
1512,V1995sgRNA.raw,0.0
1511,V1994sgRNA.raw,0.0
1534,V2006sgRNA.raw,0.0
1535,V2007sgRNA.raw,0.0
1536,V2008sgRNA.raw,0.0
1548,V2017sgRNA.raw,0.0
1556,V2022sgRNA.raw,0.0
1555,V2021sgRNA.raw,0.0
1554,V2020sgRNA.raw,0.0
1553,V202.ysgRNA.raw,0.0
1552,V202.xsgRNA.raw,0.0
1551,V201sgRNA.raw,0.0
1550,V2019sgRNA.raw,0.0
1549,V2018sgRNA.raw,0.0
1547,V2016sgRNA.raw,0.0
1537,V2009sgRNA.raw,0.0
1546,V2015sgRNA.raw,0.0
1545,V2014sgRNA.raw,0.0
1544,V2013sgRNA.raw,0.0
1543,V2012sgRNA.raw,0.0
1542,V2011sgRNA.raw,0.0
1541,V2010sgRNA.raw,0.0
1540,V201.ysgRNA.raw,0.0
1538,V200sgRNA.raw,0.0
1614,V2068sgRNA.raw,0.0
1615,V2069sgRNA.raw,0.0
1617,V207.xsgRNA.raw,0.0
1668,V2106sgRNA.raw,0.0
1691,V2123sgRNA.raw,0.0
1690,V2122sgRNA.raw,0.0
1689,V2121sgRNA.raw,0.0
1687,V212.ysgRNA.raw,0.0
1686,V212.xsgRNA.raw,0.0
1685,V211sgRNA.raw,0.0
1684,V2119sgRNA.raw,0.0
1683,V2118sgRNA.raw,0.0
1682,V2117sgRNA.raw,0.0
1681,V2116sgRNA.raw,0.0
1680,V2115sgRNA.raw,0.0
1679,V2114sgRNA.raw,0.0
1678,V2113sgRNA.raw,0.0
1677,V2112sgRNA.raw,0.0
1676,V2111sgRNA.raw,0.0
1675,V2110sgRNA.raw,0.0
1674,V211.ysgRNA.raw,0.0
1672,V210sgRNA.raw,0.0
1671,V2109sgRNA.raw,0.0
1692,V2124sgRNA.raw,0.0
1693,V2125sgRNA.raw,0.0
1694,V2126sgRNA.raw,0.0
1706,V2135sgRNA.raw,0.0
1716,V2142sgRNA.raw,0.0
1715,V2141sgRNA.raw,0.0
1714,V2140sgRNA.raw,0.0
1713,V214.ysgRNA.raw,0.0
1710,V2139sgRNA.raw,0.0
1709,V2138sgRNA.raw,0.0
1708,V2137sgRNA.raw,0.0
1707,V2136sgRNA.raw,0.0
1705,V2134sgRNA.raw,0.0
1695,V2127sgRNA.raw,0.0
1704,V2133sgRNA.raw,0.0
1703,V2132sgRNA.raw,0.0
1702,V2131sgRNA.raw,0.0
1701,V2130sgRNA.raw,0.0
1700,V213.ysgRNA.raw,0.0
1699,V213.xsgRNA.raw,0.0
1697,V2129sgRNA.raw,0.0
1696,V2128sgRNA.raw,0.0
1670,V2108sgRNA.raw,0.0
1667,V2105sgRNA.raw,0.0
1619,V2070sgRNA.raw,0.0
1666,V2104sgRNA.raw,0.0
1640,V2088sgRNA.raw,0.0
1639,V2087sgRNA.raw,0.0
1638,V2086sgRNA.raw,0.0
1637,V2085sgRNA.raw,0.0
1636,V2084sgRNA.raw,0.0
1635,V2083sgRNA.raw,0.0
1634,V2082sgRNA.raw,0.0
1633,V2081sgRNA.raw,0.0
1632,V2080sgRNA.raw,0.0
1631,V208.ysgRNA.raw,0.0
1629,V207sgRNA.raw,0.0
1628,V2079sgRNA.raw,0.0
1627,V2078sgRNA.raw,0.0
1626,V2077sgRNA.raw,0.0
1625,V2076sgRNA.raw,0.0
1624,V2075sgRNA.raw,0.0
1623,V2074sgRNA.raw,0.0
1621,V2072sgRNA.raw,0.0
1620,V2071sgRNA.raw,0.0
1641,V2089sgRNA.raw,0.0
1642,V208sgRNA.raw,0.0
1643,V209.xsgRNA.raw,0.0
1654,V2099sgRNA.raw,0.0
1665,V2103sgRNA.raw,0.0
1663,V2101sgRNA.raw,0.0
1662,V2100sgRNA.raw,0.0
1661,V210.ysgRNA.raw,0.0
1659,V21.ysgRNA.raw,0.0
1658,V21.y.ysgRNA.raw,0.0
1656,V21.x.xsgRNA.raw,0.0
1655,V209sgRNA.raw,0.0
1653,V2098sgRNA.raw,0.0
1644,V209.ysgRNA.raw,0.0
1652,V2097sgRNA.raw,0.0
1651,V2096sgRNA.raw,0.0
1650,V2095sgRNA.raw,0.0
1649,V2094sgRNA.raw,0.0
1648,V2093sgRNA.raw,0.0
1647,V2092sgRNA.raw,0.0
1646,V2091sgRNA.raw,0.0
1645,V2090sgRNA.raw,0.0
1510,V1993sgRNA.raw,0.0
1509,V1992sgRNA.raw,0.0
1508,V1991sgRNA.raw,0.0
1362,V1882sgRNA.raw,0.0
1383,V189sgRNA.raw,0.0
1382,V1899sgRNA.raw,0.0
1380,V1897sgRNA.raw,0.0
1379,V1896sgRNA.raw,0.0
1378,V1895sgRNA.raw,0.0
1377,V1894sgRNA.raw,0.0
1376,V1893sgRNA.raw,0.0
1375,V1892sgRNA.raw,0.0
1374,V1891sgRNA.raw,0.0
1373,V1890sgRNA.raw,0.0
1372,V189.ysgRNA.raw,0.0
1371,V189.xsgRNA.raw,0.0
1370,V188sgRNA.raw,0.0
1369,V1889sgRNA.raw,0.0
1368,V1888sgRNA.raw,0.0
1367,V1887sgRNA.raw,0.0
1366,V1886sgRNA.raw,0.0
1365,V1885sgRNA.raw,0.0
1364,V1884sgRNA.raw,0.0
1384,V19.x.xsgRNA.raw,0.0
1386,V19.y.ysgRNA.raw,0.0
1389,V190.ysgRNA.raw,0.0
1400,V190sgRNA.raw,0.0
1408,V1915sgRNA.raw,0.0
1407,V1914sgRNA.raw,0.0
1406,V1913sgRNA.raw,0.0
1405,V1912sgRNA.raw,0.0
1404,V1911sgRNA.raw,0.0
1403,V1910sgRNA.raw,0.0
1402,V191.ysgRNA.raw,0.0
1401,V191.xsgRNA.raw,0.0
1399,V1909sgRNA.raw,0.0
1390,V1900sgRNA.raw,0.0
1398,V1908sgRNA.raw,0.0
1397,V1907sgRNA.raw,0.0
1396,V1906sgRNA.raw,0.0
1395,V1905sgRNA.raw,0.0
1394,V1904sgRNA.raw,0.0
1393,V1903sgRNA.raw,0.0
1392,V1902sgRNA.raw,0.0
1391,V1901sgRNA.raw,0.0
1363,V1883sgRNA.raw,0.0
1361,V1881sgRNA.raw,0.0
1410,V1917sgRNA.raw,0.0
1360,V1880sgRNA.raw,0.0
1336,V1862sgRNA.raw,0.0
1335,V1861sgRNA.raw,0.0
1334,V1860sgRNA.raw,0.0
1333,V186.ysgRNA.raw,0.0
1330,V1859sgRNA.raw,0.0
1329,V1858sgRNA.raw,0.0
1328,V1857sgRNA.raw,0.0
1327,V1856sgRNA.raw,0.0
1326,V1855sgRNA.raw,0.0
1325,V1854sgRNA.raw,0.0
1324,V1853sgRNA.raw,0.0
1323,V1852sgRNA.raw,0.0
1322,V1851sgRNA.raw,0.0
1321,V1850sgRNA.raw,0.0
1320,V185.ysgRNA.raw,0.0
1319,V185.xsgRNA.raw,0.0
1318,V184sgRNA.raw,0.0
1317,V1849sgRNA.raw,0.0
1316,V1848sgRNA.raw,0.0
1337,V1863sgRNA.raw,0.0
1338,V1864sgRNA.raw,0.0
1339,V1865sgRNA.raw,0.0
1350,V1873sgRNA.raw,0.0
1358,V188.xsgRNA.raw,0.0
1357,V187sgRNA.raw,0.0
1356,V1879sgRNA.raw,0.0
1355,V1878sgRNA.raw,0.0
1354,V1877sgRNA.raw,0.0
1353,V1876sgRNA.raw,0.0
1352,V1875sgRNA.raw,0.0
1351,V1874sgRNA.raw,0.0
1349,V1872sgRNA.raw,0.0
1340,V1866sgRNA.raw,0.0
1348,V1871sgRNA.raw,0.0
1347,V1870sgRNA.raw,0.0
1346,V187.ysgRNA.raw,0.0
1345,V187.xsgRNA.raw,0.0
1344,V186sgRNA.raw,0.0
1343,V1869sgRNA.raw,0.0
1342,V1868sgRNA.raw,0.0
1341,V1867sgRNA.raw,0.0
1409,V1916sgRNA.raw,0.0
1411,V1918sgRNA.raw,0.0
1507,V1990sgRNA.raw,0.0
1460,V1955sgRNA.raw,0.0
1482,V1971sgRNA.raw,0.0
1481,V1970sgRNA.raw,0.0
1480,V197.ysgRNA.raw,0.0
1479,V197.xsgRNA.raw,0.0
1478,V196sgRNA.raw,0.0
1477,V1969sgRNA.raw,0.0
1476,V1968sgRNA.raw,0.0
1475,V1967sgRNA.raw,0.0
1474,V1966sgRNA.raw,0.0
1472,V1964sgRNA.raw,0.0
1471,V1963sgRNA.raw,0.0
1470,V1962sgRNA.raw,0.0
1469,V1961sgRNA.raw,0.0
1468,V1960sgRNA.raw,0.0
1466,V196.xsgRNA.raw,0.0
1465,V195sgRNA.raw,0.0
1464,V1959sgRNA.raw,0.0
1463,V1958sgRNA.raw,0.0
1462,V1957sgRNA.raw,0.0
1483,V1972sgRNA.raw,0.0
1484,V1973sgRNA.raw,0.0
1485,V1974sgRNA.raw,0.0
1497,V1983sgRNA.raw,0.0
1506,V199.ysgRNA.raw,0.0
1505,V199.xsgRNA.raw,0.0
1504,V198sgRNA.raw,0.0
1503,V1989sgRNA.raw,0.0
1502,V1988sgRNA.raw,0.0
1501,V1987sgRNA.raw,0.0
1500,V1986sgRNA.raw,0.0
1498,V1984sgRNA.raw,0.0
1496,V1982sgRNA.raw,0.0
1486,V1975sgRNA.raw,0.0
1495,V1981sgRNA.raw,0.0
1494,V1980sgRNA.raw,0.0
1493,V198.ysgRNA.raw,0.0
1491,V197sgRNA.raw,0.0
1490,V1979sgRNA.raw,0.0
1489,V1978sgRNA.raw,0.0
1488,V1977sgRNA.raw,0.0
1487,V1976sgRNA.raw,0.0
1461,V1956sgRNA.raw,0.0
1459,V1954sgRNA.raw,0.0
1413,V191sgRNA.raw,0.0
1458,V1953sgRNA.raw,0.0
1433,V1934sgRNA.raw,0.0
1432,V1933sgRNA.raw,0.0
1431,V1932sgRNA.raw,0.0
1430,V1931sgRNA.raw,0.0
1429,V1930sgRNA.raw,0.0
1428,V193.ysgRNA.raw,0.0
1426,V192sgRNA.raw,0.0
1425,V1929sgRNA.raw,0.0
1424,V1928sgRNA.raw,0.0
1423,V1927sgRNA.raw,0.0
1422,V1926sgRNA.raw,0.0
1421,V1925sgRNA.raw,0.0
1420,V1924sgRNA.raw,0.0
1419,V1923sgRNA.raw,0.0
1418,V1922sgRNA.raw,0.0
1417,V1921sgRNA.raw,0.0
1416,V1920sgRNA.raw,0.0
1415,V192.ysgRNA.raw,0.0
1414,V192.xsgRNA.raw,0.0
1434,V1935sgRNA.raw,0.0
1435,V1936sgRNA.raw,0.0
1436,V1937sgRNA.raw,0.0
1448,V1946sgRNA.raw,0.0
1457,V1952sgRNA.raw,0.0
1456,V1951sgRNA.raw,0.0
1455,V1950sgRNA.raw,0.0
1454,V195.ysgRNA.raw,0.0
1452,V194sgRNA.raw,0.0
1451,V1949sgRNA.raw,0.0
1450,V1948sgRNA.raw,0.0
1449,V1947sgRNA.raw,0.0
1447,V1945sgRNA.raw,0.0
1437,V1938sgRNA.raw,0.0
1446,V1944sgRNA.raw,0.0
1445,V1943sgRNA.raw,0.0
1444,V1942sgRNA.raw,0.0
1443,V1941sgRNA.raw,0.0
1442,V1940sgRNA.raw,0.0
1440,V194.xsgRNA.raw,0.0
1439,V193sgRNA.raw,0.0
1438,V1939sgRNA.raw,0.0
906,V1540sgRNA.raw,0.0
904,V154.xsgRNA.raw,0.0
1718,V2144sgRNA.raw,0.0
345,V1136.xsgRNA.raw,0.0
343,V1135.xsgRNA.raw,0.0
341,V1134.xsgRNA.raw,0.0
340,V1133.ysgRNA.raw,0.0
338,V1132.ysgRNA.raw,0.0
337,V1132.xsgRNA.raw,0.0
336,V1131.ysgRNA.raw,0.0
334,V1130.ysgRNA.raw,0.0
333,V1130.xsgRNA.raw,0.0
332,V113.ysgRNA.raw,0.0
331,V113.xsgRNA.raw,0.0
330,V112sgRNA.raw,0.0
329,V1129.ysgRNA.raw,0.0
328,V1129.xsgRNA.raw,0.0
327,V1128.ysgRNA.raw,0.0
326,V1128.xsgRNA.raw,0.0
325,V1127.ysgRNA.raw,0.0
324,V1127.xsgRNA.raw,0.0
323,V1126.ysgRNA.raw,0.0
321,V1125.ysgRNA.raw,0.0
344,V1135.ysgRNA.raw,0.0
346,V1136.ysgRNA.raw,0.0
263,V110.ysgRNA.raw,0.0
348,V1137.ysgRNA.raw,0.0
373,V1148.ysgRNA.raw,0.0
372,V1148.xsgRNA.raw,0.0
370,V1147.xsgRNA.raw,0.0
369,V1146.ysgRNA.raw,0.0
368,V1146.xsgRNA.raw,0.0
367,V1145.ysgRNA.raw,0.0
366,V1145.xsgRNA.raw,0.0
365,V1144.ysgRNA.raw,0.0
363,V1143.ysgRNA.raw,0.0
361,V1142.ysgRNA.raw,0.0
360,V1142.xsgRNA.raw,0.0
359,V1141.ysgRNA.raw,0.0
358,V1141.xsgRNA.raw,0.0
357,V1140.ysgRNA.raw,0.0
353,V113sgRNA.raw,0.0
352,V1139.ysgRNA.raw,0.0
351,V1139.xsgRNA.raw,0.0
350,V1138.ysgRNA.raw,0.0
349,V1138.xsgRNA.raw,0.0
320,V1125.xsgRNA.raw,0.0
319,V1124.ysgRNA.raw,0.0
318,V1124.xsgRNA.raw,0.0
317,V1123.ysgRNA.raw,0.0
288,V1110.ysgRNA.raw,0.0
286,V111.ysgRNA.raw,0.0
284,V110sgRNA.raw,0.0
281,V1108.ysgRNA.raw,0.0
280,V1108.xsgRNA.raw,0.0
279,V1107.ysgRNA.raw,0.0
277,V1106.ysgRNA.raw,0.0
276,V1106.xsgRNA.raw,0.0
275,V1105.ysgRNA.raw,0.0
274,V1105.xsgRNA.raw,0.0
273,V1104.ysgRNA.raw,0.0
272,V1104.xsgRNA.raw,0.0
271,V1103.ysgRNA.raw,0.0
270,V1103.xsgRNA.raw,0.0
269,V1102.ysgRNA.raw,0.0
268,V1102.xsgRNA.raw,0.0
267,V1101.ysgRNA.raw,0.0
266,V1101.xsgRNA.raw,0.0
265,V1100.ysgRNA.raw,0.0
289,V1111.xsgRNA.raw,0.0
290,V1111.ysgRNA.raw,0.0
292,V1112.ysgRNA.raw,0.0
306,V1119.ysgRNA.raw,0.0
316,V1123.xsgRNA.raw,0.0
315,V1122.ysgRNA.raw,0.0
314,V1122.xsgRNA.raw,0.0
313,V1121.ysgRNA.raw,0.0
311,V1120.ysgRNA.raw,0.0
310,V1120.xsgRNA.raw,0.0
308,V112.xsgRNA.raw,0.0
307,V111sgRNA.raw,0.0
305,V1119.xsgRNA.raw,0.0
294,V1113.ysgRNA.raw,0.0
304,V1118.ysgRNA.raw,0.0
303,V1118.xsgRNA.raw,0.0
302,V1117.ysgRNA.raw,0.0
300,V1116.ysgRNA.raw,0.0
299,V1116.xsgRNA.raw,0.0
298,V1115.ysgRNA.raw,0.0
296,V1114.ysgRNA.raw,0.0
295,V1114.xsgRNA.raw,0.0
375,V1149.ysgRNA.raw,0.0
376,V114sgRNA.raw,0.0
377,V115.xsgRNA.raw,0.0
429,V1187sgRNA.raw,0.0
453,V1201sgRNA.raw,0.0
452,V1200sgRNA.raw,0.0
451,V120.ysgRNA.raw,0.0
450,V120.xsgRNA.raw,0.0
448,V12.y.ysgRNA.raw,0.0
447,V12.xsgRNA.raw,0.0
446,V12.x.xsgRNA.raw,0.0
445,V119sgRNA.raw,0.0
443,V1198sgRNA.raw,0.0
442,V1197sgRNA.raw,0.0
441,V1196sgRNA.raw,0.0
440,V1195sgRNA.raw,0.0
439,V1194sgRNA.raw,0.0
438,V1193sgRNA.raw,0.0
437,V1192sgRNA.raw,0.0
436,V1191sgRNA.raw,0.0
435,V1190sgRNA.raw,0.0
432,V118sgRNA.raw,0.0
431,V1189sgRNA.raw,0.0
454,V1202sgRNA.raw,0.0
455,V1203sgRNA.raw,0.0
456,V1204sgRNA.raw,0.0
469,V1214sgRNA.raw,0.0
477,V122.ysgRNA.raw,0.0
476,V122.xsgRNA.raw,0.0
475,V121sgRNA.raw,0.0
474,V1219sgRNA.raw,0.0
473,V1218sgRNA.raw,0.0
472,V1217sgRNA.raw,0.0
471,V1216sgRNA.raw,0.0
470,V1215sgRNA.raw,0.0
468,V1213sgRNA.raw,0.0
457,V1205sgRNA.raw,0.0
466,V1211sgRNA.raw,0.0
465,V1210sgRNA.raw,0.0
463,V121.xsgRNA.raw,0.0
462,V120sgRNA.raw,0.0
461,V1209sgRNA.raw,0.0
460,V1208sgRNA.raw,0.0
459,V1207sgRNA.raw,0.0
458,V1206sgRNA.raw,0.0
430,V1188sgRNA.raw,0.0
428,V1186sgRNA.raw,0.0
378,V115.ysgRNA.raw,0.0
427,V1185sgRNA.raw,0.0
401,V1165sgRNA.raw,0.0
400,V1164sgRNA.raw,0.0
399,V1163sgRNA.raw,0.0
398,V1162sgRNA.raw,0.0
397,V1161sgRNA.raw,0.0
396,V1160sgRNA.raw,0.0
395,V116.ysgRNA.raw,0.0
394,V116.xsgRNA.raw,0.0
393,V115sgRNA.raw,0.0
392,V1159sgRNA.raw,0.0
391,V1158sgRNA.raw,0.0
390,V1157sgRNA.raw,0.0
389,V1156sgRNA.raw,0.0
388,V1155sgRNA.raw,0.0
387,V1154sgRNA.raw,0.0
386,V1153.ysgRNA.raw,0.0
384,V1152.ysgRNA.raw,0.0
382,V1151.ysgRNA.raw,0.0
380,V1150.ysgRNA.raw,0.0
402,V1166sgRNA.raw,0.0
403,V1167sgRNA.raw,0.0
404,V1168sgRNA.raw,0.0
417,V1178sgRNA.raw,0.0
426,V1184sgRNA.raw,0.0
425,V1183sgRNA.raw,0.0
424,V1182sgRNA.raw,0.0
423,V1181sgRNA.raw,0.0
422,V1180sgRNA.raw,0.0
421,V118.ysgRNA.raw,0.0
419,V117sgRNA.raw,0.0
418,V1179sgRNA.raw,0.0
416,V1177sgRNA.raw,0.0
405,V1169sgRNA.raw,0.0
414,V1175sgRNA.raw,0.0
413,V1174sgRNA.raw,0.0
412,V1173sgRNA.raw,0.0
411,V1172sgRNA.raw,0.0
410,V1171sgRNA.raw,0.0
409,V1170sgRNA.raw,0.0
408,V117.ysgRNA.raw,0.0
406,V116sgRNA.raw,0.0
264,V1100.xsgRNA.raw,0.0
262,V110.xsgRNA.raw,0.0
903,V153sgRNA.raw,0.0
116,V1038.ysgRNA.raw,0.0
114,V1037.ysgRNA.raw,0.0
113,V1037.xsgRNA.raw,0.0
112,V1036.ysgRNA.raw,0.0
110,V1035.ysgRNA.raw,0.0
109,V1035.xsgRNA.raw,0.0
107,V1034.xsgRNA.raw,0.0
106,V1033.ysgRNA.raw,0.0
104,V1032.ysgRNA.raw,0.0
103,V1032.xsgRNA.raw,0.0
102,V1031.ysgRNA.raw,0.0
100,V1030.ysgRNA.raw,0.0
98,V103.ysgRNA.raw,0.0
96,V102sgRNA.raw,0.0
95,V1029.ysgRNA.raw,0.0
94,V1029.xsgRNA.raw,0.0
93,V1028.ysgRNA.raw,0.0
92,V1028.xsgRNA.raw,0.0
91,V1027.ysgRNA.raw,0.0
90,V1027.xsgRNA.raw,0.0
115,V1038.xsgRNA.raw,0.0
118,V1039.ysgRNA.raw,0.0
261,V11.ysgRNA.raw,0.0
120,V104.xsgRNA.raw,0.0
141,V1049.ysgRNA.raw,0.0
140,V1049.xsgRNA.raw,0.0
139,V1048.ysgRNA.raw,0.0
137,V1047.ysgRNA.raw,0.0
136,V1047.xsgRNA.raw,0.0
135,V1046.ysgRNA.raw,0.0
134,V1046.xsgRNA.raw,0.0
133,V1045.ysgRNA.raw,0.0
132,V1045.xsgRNA.raw,0.0
131,V1044.ysgRNA.raw,0.0
129,V1043.ysgRNA.raw,0.0
128,V1043.xsgRNA.raw,0.0
127,V1042.ysgRNA.raw,0.0
126,V1042.xsgRNA.raw,0.0
125,V1041.ysgRNA.raw,0.0
124,V1041.xsgRNA.raw,0.0
123,V1040.ysgRNA.raw,0.0
122,V1040.xsgRNA.raw,0.0
121,V104.ysgRNA.raw,0.0
89,V1026.ysgRNA.raw,0.0
87,V1025.ysgRNA.raw,0.0
86,V1025.xsgRNA.raw,0.0
85,V1024.ysgRNA.raw,0.0
54,V1010.ysgRNA.raw,0.0
52,V101.ysgRNA.raw,0.0
51,V101.xsgRNA.raw,0.0
50,V100sgRNA.raw,0.0
49,V1009.ysgRNA.raw,0.0
48,V1009.xsgRNA.raw,0.0
45,V1007.ysgRNA.raw,0.0
43,V1006.ysgRNA.raw,0.0
42,V1006.xsgRNA.raw,0.0
41,V1005.ysgRNA.raw,0.0
40,V1005.xsgRNA.raw,0.0
39,V1004.ysgRNA.raw,0.0
38,V1004.xsgRNA.raw,0.0
37,V1003.ysgRNA.raw,0.0
36,V1003.xsgRNA.raw,0.0
35,V1002.ysgRNA.raw,0.0
34,V1002.xsgRNA.raw,0.0
30,V1000.xsgRNA.raw,0.0
26,V10.y.ysgRNA.raw,0.0
55,V1011.xsgRNA.raw,0.0
56,V1011.ysgRNA.raw,0.0
58,V1012.ysgRNA.raw,0.0
73,V101sgRNA.raw,0.0
83,V1023.ysgRNA.raw,0.0
81,V1022.ysgRNA.raw,0.0
80,V1022.xsgRNA.raw,0.0
79,V1021.ysgRNA.raw,0.0
78,V1021.xsgRNA.raw,0.0
77,V1020.ysgRNA.raw,0.0
76,V1020.xsgRNA.raw,0.0
75,V102.ysgRNA.raw,0.0
72,V1019.ysgRNA.raw,0.0
59,V1013.xsgRNA.raw,0.0
71,V1019.xsgRNA.raw,0.0
70,V1018.ysgRNA.raw,0.0
68,V1017.ysgRNA.raw,0.0
66,V1016.ysgRNA.raw,0.0
65,V1016.xsgRNA.raw,0.0
64,V1015.ysgRNA.raw,0.0
62,V1014.ysgRNA.raw,0.0
60,V1013.ysgRNA.raw,0.0
142,V104sgRNA.raw,0.0
145,V1050.xsgRNA.raw,0.0
146,V1050.ysgRNA.raw,0.0
205,V1077.xsgRNA.raw,0.0
233,V1089.ysgRNA.raw,0.0
232,V1089.xsgRNA.raw,0.0
231,V1088.ysgRNA.raw,0.0
228,V1087.xsgRNA.raw,0.0
227,V1086.ysgRNA.raw,0.0
226,V1086.xsgRNA.raw,0.0
225,V1085.ysgRNA.raw,0.0
224,V1085.xsgRNA.raw,0.0
223,V1084.ysgRNA.raw,0.0
222,V1084.xsgRNA.raw,0.0
221,V1083.ysgRNA.raw,0.0
220,V1083.xsgRNA.raw,0.0
219,V1082.ysgRNA.raw,0.0
218,V1082.xsgRNA.raw,0.0
217,V1081.ysgRNA.raw,0.0
216,V1081.xsgRNA.raw,0.0
213,V108.ysgRNA.raw,0.0
211,V107sgRNA.raw,0.0
210,V1079.ysgRNA.raw,0.0
234,V108sgRNA.raw,0.0
235,V109.xsgRNA.raw,0.0
236,V109.ysgRNA.raw,0.0
249,V1096.xsgRNA.raw,0.0
260,V11.y.ysgRNA.raw,0.0
258,V11.x.xsgRNA.raw,0.0
257,V109sgRNA.raw,0.0
255,V1099.xsgRNA.raw,0.0
254,V1098.ysgRNA.raw,0.0
253,V1098.xsgRNA.raw,0.0
252,V1097.ysgRNA.raw,0.0
250,V1096.ysgRNA.raw,0.0
248,V1095.ysgRNA.raw,0.0
237,V1090.xsgRNA.raw,0.0
247,V1095.xsgRNA.raw,0.0
246,V1094.ysgRNA.raw,0.0
245,V1094.xsgRNA.raw,0.0
244,V1093.ysgRNA.raw,0.0
243,V1093.xsgRNA.raw,0.0
241,V1092.xsgRNA.raw,0.0
240,V1091.ysgRNA.raw,0.0
238,V1090.ysgRNA.raw,0.0
208,V1078.ysgRNA.raw,0.0
204,V1076.ysgRNA.raw,0.0
148,V1051.ysgRNA.raw,0.0
202,V1075.ysgRNA.raw,0.0
170,V1061.xsgRNA.raw,0.0
168,V1060.xsgRNA.raw,0.0
167,V106.ysgRNA.raw,0.0
166,V106.xsgRNA.raw,0.0
165,V105sgRNA.raw,0.0
164,V1059.ysgRNA.raw,0.0
163,V1059.xsgRNA.raw,0.0
162,V1058.ysgRNA.raw,0.0
161,V1058.xsgRNA.raw,0.0
160,V1057.ysgRNA.raw,0.0
159,V1057.xsgRNA.raw,0.0
158,V1056.ysgRNA.raw,0.0
157,V1056.xsgRNA.raw,0.0
156,V1055.ysgRNA.raw,0.0
155,V1055.xsgRNA.raw,0.0
154,V1054.ysgRNA.raw,0.0
152,V1053.ysgRNA.raw,0.0
150,V1052.ysgRNA.raw,0.0
149,V1052.xsgRNA.raw,0.0
171,V1061.ysgRNA.raw,0.0
173,V1062.ysgRNA.raw,0.0
174,V1063.xsgRNA.raw,0.0
188,V106sgRNA.raw,0.0
200,V1074.ysgRNA.raw,0.0
199,V1074.xsgRNA.raw,0.0
198,V1073.ysgRNA.raw,0.0
197,V1073.xsgRNA.raw,0.0
194,V1071.ysgRNA.raw,0.0
193,V1071.xsgRNA.raw,0.0
192,V1070.ysgRNA.raw,0.0
191,V1070.xsgRNA.raw,0.0
187,V1069.ysgRNA.raw,0.0
175,V1063.ysgRNA.raw,0.0
186,V1069.xsgRNA.raw,0.0
184,V1068.xsgRNA.raw,0.0
183,V1067.ysgRNA.raw,0.0
182,V1067.xsgRNA.raw,0.0
181,V1066.ysgRNA.raw,0.0
180,V1066.xsgRNA.raw,0.0
179,V1065.ysgRNA.raw,0.0
177,V1064.ysgRNA.raw,0.0
478,V1220sgRNA.raw,0.0
479,V1221sgRNA.raw,0.0
480,V1222sgRNA.raw,0.0
776,V1444sgRNA.raw,0.0
774,V1442sgRNA.raw,0.0
773,V1441sgRNA.raw,0.0
772,V1440sgRNA.raw,0.0
769,V143sgRNA.raw,0.0
768,V1439sgRNA.raw,0.0
767,V1438sgRNA.raw,0.0
766,V1437sgRNA.raw,0.0
765,V1436sgRNA.raw,0.0
764,V1435sgRNA.raw,0.0
763,V1434sgRNA.raw,0.0
762,V1433sgRNA.raw,0.0
761,V1432sgRNA.raw,0.0
760,V1431sgRNA.raw,0.0
759,V1430sgRNA.raw,0.0
758,V143.ysgRNA.raw,0.0
756,V142sgRNA.raw,0.0
755,V1429sgRNA.raw,0.0
754,V1428sgRNA.raw,0.0
753,V1427sgRNA.raw,0.0
775,V1443sgRNA.raw,0.0
777,V1445sgRNA.raw,0.0
482,V1224sgRNA.raw,0.0
779,V1447sgRNA.raw,0.0
801,V1463sgRNA.raw,0.0
800,V1462sgRNA.raw,0.0
799,V1461sgRNA.raw,0.0
797,V146.ysgRNA.raw,0.0
796,V146.xsgRNA.raw,0.0
795,V145sgRNA.raw,0.0
794,V1459sgRNA.raw,0.0
793,V1458sgRNA.raw,0.0
792,V1457sgRNA.raw,0.0
791,V1456sgRNA.raw,0.0
790,V1455sgRNA.raw,0.0
789,V1454sgRNA.raw,0.0
788,V1453sgRNA.raw,0.0
787,V1452sgRNA.raw,0.0
786,V1451sgRNA.raw,0.0
785,V1450sgRNA.raw,0.0
784,V145.ysgRNA.raw,0.0
782,V144sgRNA.raw,0.0
780,V1448sgRNA.raw,0.0
752,V1426sgRNA.raw,0.0
751,V1425sgRNA.raw,0.0
750,V1424sgRNA.raw,0.0
749,V1423sgRNA.raw,0.0
720,V1400sgRNA.raw,0.0
719,V140.ysgRNA.raw,0.0
717,V14.ysgRNA.raw,0.0
716,V14.y.ysgRNA.raw,0.0
715,V14.xsgRNA.raw,0.0
714,V14.x.xsgRNA.raw,0.0
713,V139sgRNA.raw,0.0
712,V1399sgRNA.raw,0.0
710,V1397sgRNA.raw,0.0
709,V1396sgRNA.raw,0.0
708,V1395sgRNA.raw,0.0
707,V1394sgRNA.raw,0.0
705,V1392sgRNA.raw,0.0
704,V1391sgRNA.raw,0.0
703,V1390sgRNA.raw,0.0
702,V139.ysgRNA.raw,0.0
701,V139.xsgRNA.raw,0.0
700,V138sgRNA.raw,0.0
699,V1389sgRNA.raw,0.0
721,V1401sgRNA.raw,0.0
723,V1403sgRNA.raw,0.0
724,V1404sgRNA.raw,0.0
737,V1414sgRNA.raw,0.0
748,V1422sgRNA.raw,0.0
747,V1421sgRNA.raw,0.0
746,V1420sgRNA.raw,0.0
743,V141sgRNA.raw,0.0
742,V1419sgRNA.raw,0.0
741,V1418sgRNA.raw,0.0
740,V1417sgRNA.raw,0.0
739,V1416sgRNA.raw,0.0
736,V1413sgRNA.raw,0.0
725,V1405sgRNA.raw,0.0
734,V1411sgRNA.raw,0.0
733,V1410sgRNA.raw,0.0
732,V141.ysgRNA.raw,0.0
730,V140sgRNA.raw,0.0
729,V1409sgRNA.raw,0.0
728,V1408sgRNA.raw,0.0
727,V1407sgRNA.raw,0.0
726,V1406sgRNA.raw,0.0
802,V1464sgRNA.raw,0.0
803,V1465sgRNA.raw,0.0
804,V1466sgRNA.raw,0.0
857,V1503sgRNA.raw,0.0
880,V1520sgRNA.raw,0.0
879,V152.ysgRNA.raw,0.0
877,V151sgRNA.raw,0.0
876,V1519sgRNA.raw,0.0
875,V1518sgRNA.raw,0.0
874,V1517sgRNA.raw,0.0
872,V1515sgRNA.raw,0.0
871,V1514sgRNA.raw,0.0
870,V1513sgRNA.raw,0.0
869,V1512sgRNA.raw,0.0
868,V1511sgRNA.raw,0.0
866,V151.ysgRNA.raw,0.0
865,V151.xsgRNA.raw,0.0
864,V150sgRNA.raw,0.0
863,V1509sgRNA.raw,0.0
862,V1508sgRNA.raw,0.0
861,V1507sgRNA.raw,0.0
860,V1506sgRNA.raw,0.0
859,V1505sgRNA.raw,0.0
881,V1521sgRNA.raw,0.0
882,V1522sgRNA.raw,0.0
883,V1523sgRNA.raw,0.0
894,V1531sgRNA.raw,0.0
902,V1539sgRNA.raw,0.0
901,V1538sgRNA.raw,0.0
900,V1537sgRNA.raw,0.0
899,V1536sgRNA.raw,0.0
898,V1535sgRNA.raw,0.0
897,V1534sgRNA.raw,0.0
896,V1533sgRNA.raw,0.0
895,V1532sgRNA.raw,0.0
893,V1530sgRNA.raw,0.0
884,V1524sgRNA.raw,0.0
892,V153.ysgRNA.raw,0.0
891,V153.xsgRNA.raw,0.0
890,V152sgRNA.raw,0.0
889,V1529sgRNA.raw,0.0
888,V1528sgRNA.raw,0.0
887,V1527sgRNA.raw,0.0
886,V1526sgRNA.raw,0.0
885,V1525sgRNA.raw,0.0
858,V1504sgRNA.raw,0.0
856,V1502sgRNA.raw,0.0
805,V1467sgRNA.raw,0.0
855,V1501sgRNA.raw,0.0
827,V1483sgRNA.raw,0.0
826,V1482sgRNA.raw,0.0
825,V1481sgRNA.raw,0.0
824,V1480sgRNA.raw,0.0
823,V148.ysgRNA.raw,0.0
822,V148.xsgRNA.raw,0.0
821,V147sgRNA.raw,0.0
820,V1479sgRNA.raw,0.0
819,V1478sgRNA.raw,0.0
818,V1477sgRNA.raw,0.0
817,V1476sgRNA.raw,0.0
816,V1475sgRNA.raw,0.0
815,V1474sgRNA.raw,0.0
814,V1473sgRNA.raw,0.0
812,V1471sgRNA.raw,0.0
811,V1470sgRNA.raw,0.0
810,V147.ysgRNA.raw,0.0
808,V146sgRNA.raw,0.0
806,V1468sgRNA.raw,0.0
828,V1484sgRNA.raw,0.0
829,V1485sgRNA.raw,0.0
830,V1486sgRNA.raw,0.0
843,V1496sgRNA.raw,0.0
854,V1500sgRNA.raw,0.0
853,V150.ysgRNA.raw,0.0
851,V15.ysgRNA.raw,0.0
850,V15.y.ysgRNA.raw,0.0
848,V15.x.xsgRNA.raw,0.0
847,V149sgRNA.raw,0.0
846,V1499sgRNA.raw,0.0
844,V1497sgRNA.raw,0.0
842,V1495sgRNA.raw,0.0
831,V1487sgRNA.raw,0.0
841,V1494sgRNA.raw,0.0
839,V1492sgRNA.raw,0.0
838,V1491sgRNA.raw,0.0
837,V1490sgRNA.raw,0.0
836,V149.ysgRNA.raw,0.0
835,V149.xsgRNA.raw,0.0
834,V148sgRNA.raw,0.0
833,V1489sgRNA.raw,0.0
698,V1388sgRNA.raw,0.0
697,V1387sgRNA.raw,0.0
694,V1384sgRNA.raw,0.0
536,V1266sgRNA.raw,0.0
557,V1281sgRNA.raw,0.0
556,V1280sgRNA.raw,0.0
555,V128.ysgRNA.raw,0.0
554,V128.xsgRNA.raw,0.0
553,V127sgRNA.raw,0.0
552,V1279sgRNA.raw,0.0
551,V1278sgRNA.raw,0.0
550,V1277sgRNA.raw,0.0
549,V1276sgRNA.raw,0.0
548,V1275sgRNA.raw,0.0
546,V1273sgRNA.raw,0.0
545,V1272sgRNA.raw,0.0
544,V1271sgRNA.raw,0.0
543,V1270sgRNA.raw,0.0
542,V127.ysgRNA.raw,0.0
541,V127.xsgRNA.raw,0.0
540,V126sgRNA.raw,0.0
539,V1269sgRNA.raw,0.0
538,V1268sgRNA.raw,0.0
558,V1282sgRNA.raw,0.0
559,V1283sgRNA.raw,0.0
560,V1284sgRNA.raw,0.0
571,V1292sgRNA.raw,0.0
580,V13.x.xsgRNA.raw,0.0
579,V129sgRNA.raw,0.0
578,V1299sgRNA.raw,0.0
577,V1298sgRNA.raw,0.0
576,V1297sgRNA.raw,0.0
575,V1296sgRNA.raw,0.0
574,V1295sgRNA.raw,0.0
573,V1294sgRNA.raw,0.0
570,V1291sgRNA.raw,0.0
561,V1285sgRNA.raw,0.0
569,V1290sgRNA.raw,0.0
568,V129.ysgRNA.raw,0.0
567,V129.xsgRNA.raw,0.0
566,V128sgRNA.raw,0.0
565,V1289sgRNA.raw,0.0
564,V1288sgRNA.raw,0.0
563,V1287sgRNA.raw,0.0
562,V1286sgRNA.raw,0.0
537,V1267sgRNA.raw,0.0
535,V1265sgRNA.raw,0.0
584,V130.xsgRNA.raw,0.0
534,V1264sgRNA.raw,0.0
507,V1243sgRNA.raw,0.0
506,V1242sgRNA.raw,0.0
501,V123sgRNA.raw,0.0
500,V1239sgRNA.raw,0.0
499,V1238sgRNA.raw,0.0
498,V1237sgRNA.raw,0.0
496,V1235sgRNA.raw,0.0
495,V1234sgRNA.raw,0.0
494,V1233sgRNA.raw,0.0
493,V1232sgRNA.raw,0.0
492,V1231sgRNA.raw,0.0
491,V1230sgRNA.raw,0.0
490,V123.ysgRNA.raw,0.0
488,V122sgRNA.raw,0.0
487,V1229sgRNA.raw,0.0
486,V1228sgRNA.raw,0.0
485,V1227sgRNA.raw,0.0
484,V1226sgRNA.raw,0.0
483,V1225sgRNA.raw,0.0
508,V1244sgRNA.raw,0.0
509,V1245sgRNA.raw,0.0
510,V1246sgRNA.raw,0.0
523,V1256sgRNA.raw,0.0
533,V1263sgRNA.raw,0.0
532,V1262sgRNA.raw,0.0
530,V1260sgRNA.raw,0.0
529,V126.ysgRNA.raw,0.0
527,V125sgRNA.raw,0.0
526,V1259sgRNA.raw,0.0
525,V1258sgRNA.raw,0.0
524,V1257sgRNA.raw,0.0
522,V1255sgRNA.raw,0.0
512,V1248sgRNA.raw,0.0
521,V1254sgRNA.raw,0.0
520,V1253sgRNA.raw,0.0
519,V1252sgRNA.raw,0.0
518,V1251sgRNA.raw,0.0
517,V1250sgRNA.raw,0.0
515,V125.xsgRNA.raw,0.0
514,V124sgRNA.raw,0.0
513,V1249sgRNA.raw,0.0
582,V13.y.ysgRNA.raw,0.0
586,V1300sgRNA.raw,0.0
693,V1383sgRNA.raw,0.0
642,V1344sgRNA.raw,0.0
666,V1362sgRNA.raw,0.0
665,V1361sgRNA.raw,0.0
663,V136.ysgRNA.raw,0.0
661,V135sgRNA.raw,0.0
660,V1359sgRNA.raw,0.0
659,V1358sgRNA.raw,0.0
658,V1357sgRNA.raw,0.0
657,V1356sgRNA.raw,0.0
656,V1355sgRNA.raw,0.0
655,V1354sgRNA.raw,0.0
654,V1353sgRNA.raw,0.0
653,V1352sgRNA.raw,0.0
652,V1351sgRNA.raw,0.0
651,V1350sgRNA.raw,0.0
650,V135.ysgRNA.raw,0.0
647,V1349sgRNA.raw,0.0
646,V1348sgRNA.raw,0.0
645,V1347sgRNA.raw,0.0
644,V1346sgRNA.raw,0.0
667,V1363sgRNA.raw,0.0
668,V1364sgRNA.raw,0.0
669,V1365sgRNA.raw,0.0
683,V1376sgRNA.raw,0.0
692,V1382sgRNA.raw,0.0
691,V1381sgRNA.raw,0.0
690,V1380sgRNA.raw,0.0
689,V138.ysgRNA.raw,0.0
687,V137sgRNA.raw,0.0
686,V1379sgRNA.raw,0.0
685,V1378sgRNA.raw,0.0
684,V1377sgRNA.raw,0.0
682,V1375sgRNA.raw,0.0
670,V1366sgRNA.raw,0.0
681,V1374sgRNA.raw,0.0
679,V1372sgRNA.raw,0.0
678,V1371sgRNA.raw,0.0
677,V1370sgRNA.raw,0.0
674,V136sgRNA.raw,0.0
673,V1369sgRNA.raw,0.0
672,V1368sgRNA.raw,0.0
671,V1367sgRNA.raw,0.0
643,V1345sgRNA.raw,0.0
641,V1343sgRNA.raw,0.0
587,V1301sgRNA.raw,0.0
640,V1342sgRNA.raw,0.0
609,V131sgRNA.raw,0.0
607,V1318sgRNA.raw,0.0
606,V1317sgRNA.raw,0.0
605,V1316sgRNA.raw,0.0
604,V1315sgRNA.raw,0.0
602,V1313sgRNA.raw,0.0
601,V1312sgRNA.raw,0.0
600,V1311sgRNA.raw,0.0
599,V1310sgRNA.raw,0.0
598,V131.ysgRNA.raw,0.0
597,V131.xsgRNA.raw,0.0
595,V1309sgRNA.raw,0.0
594,V1308sgRNA.raw,0.0
593,V1307sgRNA.raw,0.0
592,V1306sgRNA.raw,0.0
591,V1305sgRNA.raw,0.0
590,V1304sgRNA.raw,0.0
589,V1303sgRNA.raw,0.0
588,V1302sgRNA.raw,0.0
612,V1320sgRNA.raw,0.0
613,V1321sgRNA.raw,0.0
614,V1322sgRNA.raw,0.0
628,V1333sgRNA.raw,0.0
639,V1341sgRNA.raw,0.0
638,V1340sgRNA.raw,0.0
634,V1339sgRNA.raw,0.0
633,V1338sgRNA.raw,0.0
632,V1337sgRNA.raw,0.0
631,V1336sgRNA.raw,0.0
630,V1335sgRNA.raw,0.0
629,V1334sgRNA.raw,0.0
627,V1332sgRNA.raw,0.0
617,V1325sgRNA.raw,0.0
626,V1331sgRNA.raw,0.0
625,V1330sgRNA.raw,0.0
624,V133.ysgRNA.raw,0.0
622,V132sgRNA.raw,0.0
621,V1329sgRNA.raw,0.0
620,V1328sgRNA.raw,0.0
619,V1327sgRNA.raw,0.0
618,V1326sgRNA.raw,0.0
1717,V2143sgRNA.raw,0.0
1720,V2146sgRNA.raw,0.0
3338,V3374sgRNA.raw,0.0
2817,V2965sgRNA.raw,0.0
2814,V2962sgRNA.raw,0.0
2813,V2961sgRNA.raw,0.0
2812,V2960sgRNA.raw,0.0
2811,V296.ysgRNA.raw,0.0
2809,V295sgRNA.raw,0.0
2808,V2959sgRNA.raw,0.0
2807,V2958sgRNA.raw,0.0
2806,V2957sgRNA.raw,0.0
2805,V2956sgRNA.raw,0.0
2804,V2955sgRNA.raw,0.0
2803,V2954sgRNA.raw,0.0
2802,V2953sgRNA.raw,0.0
2801,V2952sgRNA.raw,0.0
2799,V2950sgRNA.raw,0.0
2796,V294sgRNA.raw,0.0
2795,V2949sgRNA.raw,0.0
2794,V2948sgRNA.raw,0.0
2793,V2947sgRNA.raw,0.0
2792,V2946sgRNA.raw,0.0
2816,V2964sgRNA.raw,0.0
2818,V2966sgRNA.raw,0.0
2740,V2906sgRNA.raw,0.0
2819,V2967sgRNA.raw,0.0
2842,V2984sgRNA.raw,0.0
2841,V2983sgRNA.raw,0.0
2840,V2982sgRNA.raw,0.0
2839,V2981sgRNA.raw,0.0
2837,V298.ysgRNA.raw,0.0
2835,V297sgRNA.raw,0.0
2834,V2979sgRNA.raw,0.0
2833,V2978sgRNA.raw,0.0
2832,V2977sgRNA.raw,0.0
2831,V2976sgRNA.raw,0.0
2830,V2975sgRNA.raw,0.0
2829,V2974sgRNA.raw,0.0
2827,V2972sgRNA.raw,0.0
2826,V2971sgRNA.raw,0.0
2825,V2970sgRNA.raw,0.0
2823,V297.xsgRNA.raw,0.0
2822,V296sgRNA.raw,0.0
2821,V2969sgRNA.raw,0.0
2820,V2968sgRNA.raw,0.0
2791,V2945sgRNA.raw,0.0
2790,V2944sgRNA.raw,0.0
2788,V2942sgRNA.raw,0.0
2787,V2941sgRNA.raw,0.0
2761,V2921sgRNA.raw,0.0
2760,V2920sgRNA.raw,0.0
2759,V292.ysgRNA.raw,0.0
2758,V292.xsgRNA.raw,0.0
2757,V291sgRNA.raw,0.0
2756,V2919sgRNA.raw,0.0
2755,V2918sgRNA.raw,0.0
2754,V2917sgRNA.raw,0.0
2753,V2916sgRNA.raw,0.0
2752,V2915sgRNA.raw,0.0
2751,V2914sgRNA.raw,0.0
2750,V2913sgRNA.raw,0.0
2749,V2912sgRNA.raw,0.0
2748,V2911sgRNA.raw,0.0
2747,V2910sgRNA.raw,0.0
2746,V291.ysgRNA.raw,0.0
2744,V290sgRNA.raw,0.0
2743,V2909sgRNA.raw,0.0
2742,V2908sgRNA.raw,0.0
2762,V2922sgRNA.raw,0.0
2763,V2923sgRNA.raw,0.0
2764,V2924sgRNA.raw,0.0
2777,V2934sgRNA.raw,0.0
2786,V2940sgRNA.raw,0.0
2785,V294.ysgRNA.raw,0.0
2783,V293sgRNA.raw,0.0
2782,V2939sgRNA.raw,0.0
2781,V2938sgRNA.raw,0.0
2780,V2937sgRNA.raw,0.0
2779,V2936sgRNA.raw,0.0
2778,V2935sgRNA.raw,0.0
2776,V2933sgRNA.raw,0.0
2765,V2925sgRNA.raw,0.0
2775,V2932sgRNA.raw,0.0
2774,V2931sgRNA.raw,0.0
2773,V2930sgRNA.raw,0.0
2770,V292sgRNA.raw,0.0
2769,V2929sgRNA.raw,0.0
2768,V2928sgRNA.raw,0.0
2767,V2927sgRNA.raw,0.0
2766,V2926sgRNA.raw,0.0
2843,V2985sgRNA.raw,0.0
2844,V2986sgRNA.raw,0.0
2845,V2987sgRNA.raw,0.0
2898,V3020sgRNA.raw,0.0
2921,V303sgRNA.raw,0.0
2920,V3039sgRNA.raw,0.0
2919,V3038sgRNA.raw,0.0
2918,V3037sgRNA.raw,0.0
2917,V3036sgRNA.raw,0.0
2916,V3035sgRNA.raw,0.0
2915,V3034sgRNA.raw,0.0
2914,V3033sgRNA.raw,0.0
2913,V3032sgRNA.raw,0.0
2912,V3031sgRNA.raw,0.0
2910,V303.ysgRNA.raw,0.0
2907,V3029sgRNA.raw,0.0
2906,V3028sgRNA.raw,0.0
2905,V3027sgRNA.raw,0.0
2904,V3026sgRNA.raw,0.0
2903,V3025sgRNA.raw,0.0
2902,V3024sgRNA.raw,0.0
2901,V3023sgRNA.raw,0.0
2900,V3022sgRNA.raw,0.0
2923,V304.ysgRNA.raw,0.0
2924,V3040sgRNA.raw,0.0
2925,V3041sgRNA.raw,0.0
2937,V3050sgRNA.raw,0.0
2946,V3059sgRNA.raw,0.0
2945,V3058sgRNA.raw,0.0
2944,V3057sgRNA.raw,0.0
2943,V3056sgRNA.raw,0.0
2942,V3055sgRNA.raw,0.0
2941,V3054sgRNA.raw,0.0
2940,V3053sgRNA.raw,0.0
2939,V3052sgRNA.raw,0.0
2936,V305.ysgRNA.raw,0.0
2926,V3042sgRNA.raw,0.0
2934,V304sgRNA.raw,0.0
2933,V3049sgRNA.raw,0.0
2932,V3048sgRNA.raw,0.0
2931,V3047sgRNA.raw,0.0
2930,V3046sgRNA.raw,0.0
2929,V3045sgRNA.raw,0.0
2928,V3044sgRNA.raw,0.0
2927,V3043sgRNA.raw,0.0
2899,V3021sgRNA.raw,0.0
2897,V302.ysgRNA.raw,0.0
2846,V2988sgRNA.raw,0.0
2896,V302.xsgRNA.raw,0.0
2873,V3001sgRNA.raw,0.0
2872,V3000sgRNA.raw,0.0
2871,V300.ysgRNA.raw,0.0
2870,V300.xsgRNA.raw,0.0
2869,V30.ysgRNA.raw,0.0
2866,V30.x.xsgRNA.raw,0.0
2864,V3.y.ysgRNA.raw,0.0
2862,V3.x.xsgRNA.raw,0.0
2860,V2999sgRNA.raw,0.0
2859,V2998sgRNA.raw,0.0
2858,V2997sgRNA.raw,0.0
2857,V2996sgRNA.raw,0.0
2856,V2995sgRNA.raw,0.0
2855,V2994sgRNA.raw,0.0
2853,V2992sgRNA.raw,0.0
2852,V2991sgRNA.raw,0.0
2851,V2990sgRNA.raw,0.0
2850,V299.ysgRNA.raw,0.0
2848,V298sgRNA.raw,0.0
2874,V3002sgRNA.raw,0.0
2875,V3003sgRNA.raw,0.0
2876,V3004sgRNA.raw,0.0
2887,V3012sgRNA.raw,0.0
2895,V301sgRNA.raw,0.0
2894,V3019sgRNA.raw,0.0
2893,V3018sgRNA.raw,0.0
2892,V3017sgRNA.raw,0.0
2891,V3016sgRNA.raw,0.0
2890,V3015sgRNA.raw,0.0
2889,V3014sgRNA.raw,0.0
2888,V3013sgRNA.raw,0.0
2886,V3011sgRNA.raw,0.0
2877,V3005sgRNA.raw,0.0
2885,V3010sgRNA.raw,0.0
2884,V301.ysgRNA.raw,0.0
2883,V301.xsgRNA.raw,0.0
2882,V300sgRNA.raw,0.0
2881,V3009sgRNA.raw,0.0
2880,V3008sgRNA.raw,0.0
2879,V3007sgRNA.raw,0.0
2878,V3006sgRNA.raw,0.0
2741,V2907sgRNA.raw,0.0
2739,V2905sgRNA.raw,0.0
2531,V2750sgRNA.raw,0.0
2613,V2810sgRNA.raw,0.0
2609,V2809sgRNA.raw,0.0
2608,V2808sgRNA.raw,0.0
2607,V2807sgRNA.raw,0.0
2606,V2806sgRNA.raw,0.0
2605,V2805sgRNA.raw,0.0
2604,V2804sgRNA.raw,0.0
2603,V2803sgRNA.raw,0.0
2602,V2802sgRNA.raw,0.0
2601,V2801sgRNA.raw,0.0
2600,V2800sgRNA.raw,0.0
2599,V280.ysgRNA.raw,0.0
2598,V280.xsgRNA.raw,0.0
2597,V28.ysgRNA.raw,0.0
2596,V28.y.ysgRNA.raw,0.0
2594,V28.x.xsgRNA.raw,0.0
2593,V279sgRNA.raw,0.0
2592,V2799sgRNA.raw,0.0
2591,V2798sgRNA.raw,0.0
2590,V2797sgRNA.raw,0.0
2610,V280sgRNA.raw,0.0
2614,V2811sgRNA.raw,0.0
2738,V2904sgRNA.raw,0.0
2615,V2812sgRNA.raw,0.0
2636,V282sgRNA.raw,0.0
2635,V2829sgRNA.raw,0.0
2634,V2828sgRNA.raw,0.0
2633,V2827sgRNA.raw,0.0
2632,V2826sgRNA.raw,0.0
2631,V2825sgRNA.raw,0.0
2630,V2824sgRNA.raw,0.0
2629,V2823sgRNA.raw,0.0
2628,V2822sgRNA.raw,0.0
2627,V2821sgRNA.raw,0.0
2626,V2820sgRNA.raw,0.0
2625,V282.ysgRNA.raw,0.0
2623,V281sgRNA.raw,0.0
2621,V2818sgRNA.raw,0.0
2620,V2817sgRNA.raw,0.0
2619,V2816sgRNA.raw,0.0
2618,V2815sgRNA.raw,0.0
2617,V2814sgRNA.raw,0.0
2616,V2813sgRNA.raw,0.0
2589,V2796sgRNA.raw,0.0
2588,V2795sgRNA.raw,0.0
2586,V2793sgRNA.raw,0.0
2585,V2792sgRNA.raw,0.0
2554,V276sgRNA.raw,0.0
2553,V2769sgRNA.raw,0.0
2552,V2768sgRNA.raw,0.0
2551,V2767sgRNA.raw,0.0
2550,V2766sgRNA.raw,0.0
2549,V2765sgRNA.raw,0.0
2548,V2764sgRNA.raw,0.0
2544,V2760sgRNA.raw,0.0
2543,V276.ysgRNA.raw,0.0
2542,V276.xsgRNA.raw,0.0
2541,V275sgRNA.raw,0.0
2540,V2759sgRNA.raw,0.0
2539,V2758sgRNA.raw,0.0
2538,V2757sgRNA.raw,0.0
2537,V2756sgRNA.raw,0.0
2536,V2755sgRNA.raw,0.0
2535,V2754sgRNA.raw,0.0
2534,V2753sgRNA.raw,0.0
2533,V2752sgRNA.raw,0.0
2556,V277.ysgRNA.raw,0.0
2557,V2770sgRNA.raw,0.0
2558,V2771sgRNA.raw,0.0
2573,V2783sgRNA.raw,0.0
2584,V2791sgRNA.raw,0.0
2583,V2790sgRNA.raw,0.0
2582,V279.ysgRNA.raw,0.0
2580,V278sgRNA.raw,0.0
2579,V2789sgRNA.raw,0.0
2578,V2788sgRNA.raw,0.0
2577,V2787sgRNA.raw,0.0
2574,V2784sgRNA.raw,0.0
2572,V2782sgRNA.raw,0.0
2559,V2772sgRNA.raw,0.0
2571,V2781sgRNA.raw,0.0
2570,V2780sgRNA.raw,0.0
2566,V2779sgRNA.raw,0.0
2565,V2778sgRNA.raw,0.0
2564,V2777sgRNA.raw,0.0
2563,V2776sgRNA.raw,0.0
2562,V2775sgRNA.raw,0.0
2560,V2773sgRNA.raw,0.0
2638,V283.ysgRNA.raw,0.0
2639,V2830sgRNA.raw,0.0
2640,V2831sgRNA.raw,0.0
2689,V287.xsgRNA.raw,0.0
2712,V2888sgRNA.raw,0.0
2711,V2887sgRNA.raw,0.0
2710,V2886sgRNA.raw,0.0
2709,V2885sgRNA.raw,0.0
2708,V2884sgRNA.raw,0.0
2707,V2883sgRNA.raw,0.0
2706,V2882sgRNA.raw,0.0
2704,V2880sgRNA.raw,0.0
2703,V288.ysgRNA.raw,0.0
2701,V287sgRNA.raw,0.0
2700,V2879sgRNA.raw,0.0
2699,V2878sgRNA.raw,0.0
2697,V2876sgRNA.raw,0.0
2696,V2875sgRNA.raw,0.0
2695,V2874sgRNA.raw,0.0
2694,V2873sgRNA.raw,0.0
2693,V2872sgRNA.raw,0.0
2692,V2871sgRNA.raw,0.0
2691,V2870sgRNA.raw,0.0
2713,V2889sgRNA.raw,0.0
2714,V288sgRNA.raw,0.0
2715,V289.xsgRNA.raw,0.0
2727,V289sgRNA.raw,0.0
2737,V2903sgRNA.raw,0.0
2736,V2902sgRNA.raw,0.0
2734,V2900sgRNA.raw,0.0
2733,V290.ysgRNA.raw,0.0
2732,V290.xsgRNA.raw,0.0
2731,V29.ysgRNA.raw,0.0
2730,V29.y.ysgRNA.raw,0.0
2728,V29.x.xsgRNA.raw,0.0
2725,V2898sgRNA.raw,0.0
2716,V289.ysgRNA.raw,0.0
2724,V2897sgRNA.raw,0.0
2723,V2896sgRNA.raw,0.0
2722,V2895sgRNA.raw,0.0
2721,V2894sgRNA.raw,0.0
2720,V2893sgRNA.raw,0.0
2719,V2892sgRNA.raw,0.0
2718,V2891sgRNA.raw,0.0
2717,V2890sgRNA.raw,0.0
2690,V287.ysgRNA.raw,0.0
2688,V286sgRNA.raw,0.0
2641,V2832sgRNA.raw,0.0
2687,V2869sgRNA.raw,0.0
2662,V284sgRNA.raw,0.0
2660,V2848sgRNA.raw,0.0
2659,V2847sgRNA.raw,0.0
2658,V2846sgRNA.raw,0.0
2657,V2845sgRNA.raw,0.0
2656,V2844sgRNA.raw,0.0
2655,V2843sgRNA.raw,0.0
2654,V2842sgRNA.raw,0.0
2653,V2841sgRNA.raw,0.0
2652,V2840sgRNA.raw,0.0
2651,V284.ysgRNA.raw,0.0
2649,V283sgRNA.raw,0.0
2648,V2839sgRNA.raw,0.0
2647,V2838sgRNA.raw,0.0
2646,V2837sgRNA.raw,0.0
2645,V2836sgRNA.raw,0.0
2644,V2835sgRNA.raw,0.0
2643,V2834sgRNA.raw,0.0
2642,V2833sgRNA.raw,0.0
2663,V285.xsgRNA.raw,0.0
2664,V285.ysgRNA.raw,0.0
2665,V2850sgRNA.raw,0.0
2677,V286.ysgRNA.raw,0.0
2685,V2867sgRNA.raw,0.0
2684,V2866sgRNA.raw,0.0
2683,V2865sgRNA.raw,0.0
2682,V2864sgRNA.raw,0.0
2681,V2863sgRNA.raw,0.0
2680,V2862sgRNA.raw,0.0
2679,V2861sgRNA.raw,0.0
2678,V2860sgRNA.raw,0.0
2675,V285sgRNA.raw,0.0
2666,V2851sgRNA.raw,0.0
2674,V2859sgRNA.raw,0.0
2673,V2858sgRNA.raw,0.0
2672,V2857sgRNA.raw,0.0
2671,V2856sgRNA.raw,0.0
2670,V2855sgRNA.raw,0.0
2669,V2854sgRNA.raw,0.0
2668,V2853sgRNA.raw,0.0
2667,V2852sgRNA.raw,0.0
2947,V305sgRNA.raw,0.0
2948,V306.ysgRNA.raw,0.0
2949,V3060sgRNA.raw,0.0
3217,V3277sgRNA.raw,0.0
3215,V3275sgRNA.raw,0.0
3214,V3274sgRNA.raw,0.0
3213,V3273sgRNA.raw,0.0
3212,V3272sgRNA.raw,0.0
3211,V3271sgRNA.raw,0.0
3210,V3270sgRNA.raw,0.0
3208,V327.xsgRNA.raw,0.0
3206,V3268sgRNA.raw,0.0
3205,V3267sgRNA.raw,0.0
3204,V3266sgRNA.raw,0.0
3203,V3265sgRNA.raw,0.0
3202,V3264sgRNA.raw,0.0
3201,V3263sgRNA.raw,0.0
3200,V3262sgRNA.raw,0.0
3199,V3261sgRNA.raw,0.0
3197,V326.ysgRNA.raw,0.0
3196,V326.xsgRNA.raw,0.0
3195,V3259sgRNA.raw,0.0
3194,V3258sgRNA.raw,0.0
3216,V3276sgRNA.raw,0.0
3218,V3278sgRNA.raw,0.0
2950,V3061sgRNA.raw,0.0
3219,V3279sgRNA.raw,0.0
3238,V3294sgRNA.raw,0.0
3237,V3293sgRNA.raw,0.0
3236,V3292sgRNA.raw,0.0
3235,V3291sgRNA.raw,0.0
3234,V3290sgRNA.raw,0.0
3233,V329.ysgRNA.raw,0.0
3232,V329.xsgRNA.raw,0.0
3231,V3289sgRNA.raw,0.0
3230,V3288sgRNA.raw,0.0
3229,V3287sgRNA.raw,0.0
3228,V3286sgRNA.raw,0.0
3227,V3285sgRNA.raw,0.0
3226,V3284sgRNA.raw,0.0
3225,V3283sgRNA.raw,0.0
3224,V3282sgRNA.raw,0.0
3223,V3281sgRNA.raw,0.0
3222,V3280sgRNA.raw,0.0
3221,V328.ysgRNA.raw,0.0
3220,V328.xsgRNA.raw,0.0
3193,V3257sgRNA.raw,0.0
3192,V3256sgRNA.raw,0.0
3191,V3255sgRNA.raw,0.0
3190,V3254sgRNA.raw,0.0
3166,V3234sgRNA.raw,0.0
3165,V3233sgRNA.raw,0.0
3164,V3232sgRNA.raw,0.0
3163,V3231sgRNA.raw,0.0
3162,V3230sgRNA.raw,0.0
3161,V323.ysgRNA.raw,0.0
3160,V323.xsgRNA.raw,0.0
3159,V3229sgRNA.raw,0.0
3158,V3228sgRNA.raw,0.0
3157,V3227sgRNA.raw,0.0
3156,V3226sgRNA.raw,0.0
3155,V3225sgRNA.raw,0.0
3154,V3224sgRNA.raw,0.0
3153,V3223sgRNA.raw,0.0
3152,V3222sgRNA.raw,0.0
3151,V3221sgRNA.raw,0.0
3150,V3220sgRNA.raw,0.0
3149,V322.ysgRNA.raw,0.0
3148,V322.xsgRNA.raw,0.0
3167,V3235sgRNA.raw,0.0
3168,V3236sgRNA.raw,0.0
3169,V3237sgRNA.raw,0.0
3180,V3246sgRNA.raw,0.0
3188,V3252sgRNA.raw,0.0
3187,V3251sgRNA.raw,0.0
3186,V3250sgRNA.raw,0.0
3185,V325.ysgRNA.raw,0.0
3184,V325.xsgRNA.raw,0.0
3183,V3249sgRNA.raw,0.0
3182,V3248sgRNA.raw,0.0
3181,V3247sgRNA.raw,0.0
3179,V3245sgRNA.raw,0.0
3170,V3238sgRNA.raw,0.0
3178,V3244sgRNA.raw,0.0
3177,V3243sgRNA.raw,0.0
3176,V3242sgRNA.raw,0.0
3175,V3241sgRNA.raw,0.0
3174,V3240sgRNA.raw,0.0
3173,V324.ysgRNA.raw,0.0
3172,V324.xsgRNA.raw,0.0
3171,V3239sgRNA.raw,0.0
3239,V3295sgRNA.raw,0.0
3240,V3296sgRNA.raw,0.0
3241,V3297sgRNA.raw,0.0
3290,V3334sgRNA.raw,0.0
3310,V3350sgRNA.raw,0.0
3309,V335.ysgRNA.raw,0.0
3308,V335.xsgRNA.raw,0.0
3307,V3349sgRNA.raw,0.0
3306,V3348sgRNA.raw,0.0
3305,V3347sgRNA.raw,0.0
3304,V3346sgRNA.raw,0.0
3303,V3345sgRNA.raw,0.0
3302,V3344sgRNA.raw,0.0
3301,V3343sgRNA.raw,0.0
3300,V3342sgRNA.raw,0.0
3299,V3341sgRNA.raw,0.0
3298,V3340sgRNA.raw,0.0
3297,V334.ysgRNA.raw,0.0
3296,V334.xsgRNA.raw,0.0
3295,V3339sgRNA.raw,0.0
3294,V3338sgRNA.raw,0.0
3293,V3337sgRNA.raw,0.0
3292,V3336sgRNA.raw,0.0
3311,V3351sgRNA.raw,0.0
3312,V3352sgRNA.raw,0.0
3313,V3353sgRNA.raw,0.0
3325,V3363sgRNA.raw,0.0
3337,V3373sgRNA.raw,0.0
3335,V3371sgRNA.raw,0.0
3332,V337.xsgRNA.raw,0.0
3331,V3369sgRNA.raw,0.0
3330,V3368sgRNA.raw,0.0
3329,V3367sgRNA.raw,0.0
3327,V3365sgRNA.raw,0.0
3326,V3364sgRNA.raw,0.0
3323,V3361sgRNA.raw,0.0
3314,V3354sgRNA.raw,0.0
3322,V3360sgRNA.raw,0.0
3321,V336.ysgRNA.raw,0.0
3320,V336.xsgRNA.raw,0.0
3319,V3359sgRNA.raw,0.0
3318,V3358sgRNA.raw,0.0
3317,V3357sgRNA.raw,0.0
3316,V3356sgRNA.raw,0.0
3315,V3355sgRNA.raw,0.0
3291,V3335sgRNA.raw,0.0
3289,V3333sgRNA.raw,0.0
3242,V3298sgRNA.raw,0.0
3288,V3332sgRNA.raw,0.0
3262,V3310sgRNA.raw,0.0
3261,V331.ysgRNA.raw,0.0
3260,V331.xsgRNA.raw,0.0
3259,V3309sgRNA.raw,0.0
3258,V3308sgRNA.raw,0.0
3257,V3307sgRNA.raw,0.0
3256,V3306sgRNA.raw,0.0
3255,V3305sgRNA.raw,0.0
3254,V3304sgRNA.raw,0.0
3253,V3303sgRNA.raw,0.0
3252,V3302sgRNA.raw,0.0
3251,V3301sgRNA.raw,0.0
3250,V3300sgRNA.raw,0.0
3249,V330.ysgRNA.raw,0.0
3248,V330.xsgRNA.raw,0.0
3246,V33.y.ysgRNA.raw,0.0
3245,V33.xsgRNA.raw,0.0
3244,V33.x.xsgRNA.raw,0.0
3243,V3299sgRNA.raw,0.0
3263,V3311sgRNA.raw,0.0
3264,V3312sgRNA.raw,0.0
3265,V3313sgRNA.raw,0.0
3277,V3323sgRNA.raw,0.0
3286,V3330sgRNA.raw,0.0
3285,V333.ysgRNA.raw,0.0
3284,V333.xsgRNA.raw,0.0
3283,V3329sgRNA.raw,0.0
3282,V3328sgRNA.raw,0.0
3281,V3327sgRNA.raw,0.0
3279,V3325sgRNA.raw,0.0
3278,V3324sgRNA.raw,0.0
3276,V3322sgRNA.raw,0.0
3266,V3314sgRNA.raw,0.0
3275,V3321sgRNA.raw,0.0
3274,V3320sgRNA.raw,0.0
3272,V332.xsgRNA.raw,0.0
3271,V3319sgRNA.raw,0.0
3270,V3318sgRNA.raw,0.0
3269,V3317sgRNA.raw,0.0
3268,V3316sgRNA.raw,0.0
3267,V3315sgRNA.raw,0.0
3147,V3219sgRNA.raw,0.0
3146,V3218sgRNA.raw,0.0
3145,V3217sgRNA.raw,0.0
2997,V31.xsgRNA.raw,0.0
3019,V3116sgRNA.raw,0.0
3018,V3115sgRNA.raw,0.0
3017,V3114sgRNA.raw,0.0
3016,V3113sgRNA.raw,0.0
3015,V3112sgRNA.raw,0.0
3013,V3110sgRNA.raw,0.0
3012,V311.ysgRNA.raw,0.0
3011,V310sgRNA.raw,0.0
3010,V3109sgRNA.raw,0.0
3009,V3108sgRNA.raw,0.0
3008,V3107sgRNA.raw,0.0
3007,V3106sgRNA.raw,0.0
3006,V3105sgRNA.raw,0.0
3005,V3104sgRNA.raw,0.0
3004,V3103sgRNA.raw,0.0
3003,V3102sgRNA.raw,0.0
3001,V3100sgRNA.raw,0.0
3000,V310.ysgRNA.raw,0.0
2999,V31.ysgRNA.raw,0.0
3020,V3117sgRNA.raw,0.0
3021,V3118sgRNA.raw,0.0
3022,V3119sgRNA.raw,0.0
3033,V3128sgRNA.raw,0.0
3042,V3135sgRNA.raw,0.0
3041,V3134sgRNA.raw,0.0
3040,V3133sgRNA.raw,0.0
3039,V3132sgRNA.raw,0.0
3038,V3131sgRNA.raw,0.0
3037,V3130sgRNA.raw,0.0
3035,V312sgRNA.raw,0.0
3034,V3129sgRNA.raw,0.0
3032,V3127sgRNA.raw,0.0
3023,V311sgRNA.raw,0.0
3031,V3126sgRNA.raw,0.0
3030,V3125sgRNA.raw,0.0
3029,V3124sgRNA.raw,0.0
3028,V3123sgRNA.raw,0.0
3027,V3122sgRNA.raw,0.0
3026,V3121sgRNA.raw,0.0
3025,V3120sgRNA.raw,0.0
3024,V312.ysgRNA.raw,0.0
2998,V31.y.ysgRNA.raw,0.0
2996,V31.x.xsgRNA.raw,0.0
3044,V3137sgRNA.raw,0.0
2995,V309sgRNA.raw,0.0
2971,V307sgRNA.raw,0.0
2969,V3078sgRNA.raw,0.0
2968,V3077sgRNA.raw,0.0
2967,V3076sgRNA.raw,0.0
2966,V3075sgRNA.raw,0.0
2965,V3074sgRNA.raw,0.0
2964,V3073sgRNA.raw,0.0
2963,V3072sgRNA.raw,0.0
2961,V3070sgRNA.raw,0.0
2960,V307.ysgRNA.raw,0.0
2959,V306sgRNA.raw,0.0
2958,V3069sgRNA.raw,0.0
2957,V3068sgRNA.raw,0.0
2956,V3067sgRNA.raw,0.0
2955,V3066sgRNA.raw,0.0
2954,V3065sgRNA.raw,0.0
2953,V3064sgRNA.raw,0.0
2952,V3063sgRNA.raw,0.0
2951,V3062sgRNA.raw,0.0
2972,V308.ysgRNA.raw,0.0
2973,V3080sgRNA.raw,0.0
2974,V3081sgRNA.raw,0.0
2985,V3090sgRNA.raw,0.0
2994,V3099sgRNA.raw,0.0
2993,V3098sgRNA.raw,0.0
2992,V3097sgRNA.raw,0.0
2991,V3096sgRNA.raw,0.0
2990,V3095sgRNA.raw,0.0
2989,V3094sgRNA.raw,0.0
2987,V3092sgRNA.raw,0.0
2986,V3091sgRNA.raw,0.0
2984,V309.ysgRNA.raw,0.0
2975,V3082sgRNA.raw,0.0
2983,V308sgRNA.raw,0.0
2982,V3089sgRNA.raw,0.0
2981,V3088sgRNA.raw,0.0
2980,V3087sgRNA.raw,0.0
2979,V3086sgRNA.raw,0.0
2978,V3085sgRNA.raw,0.0
2977,V3084sgRNA.raw,0.0
2976,V3083sgRNA.raw,0.0
3043,V3136sgRNA.raw,0.0
3046,V3139sgRNA.raw,0.0
3144,V3216sgRNA.raw,0.0
3095,V317sgRNA.raw,0.0
3115,V3196sgRNA.raw,0.0
3114,V3195sgRNA.raw,0.0
3113,V3194sgRNA.raw,0.0
3112,V3193sgRNA.raw,0.0
3111,V3192sgRNA.raw,0.0
3110,V3191sgRNA.raw,0.0
3109,V3190sgRNA.raw,0.0
3108,V319.ysgRNA.raw,0.0
3107,V318sgRNA.raw,0.0
3106,V3189sgRNA.raw,0.0
3105,V3188sgRNA.raw,0.0
3104,V3187sgRNA.raw,0.0
3103,V3186sgRNA.raw,0.0
3102,V3185sgRNA.raw,0.0
3101,V3184sgRNA.raw,0.0
3100,V3183sgRNA.raw,0.0
3099,V3182sgRNA.raw,0.0
3098,V3181sgRNA.raw,0.0
3097,V3180sgRNA.raw,0.0
3117,V3198sgRNA.raw,0.0
3118,V3199sgRNA.raw,0.0
3119,V319sgRNA.raw,0.0
3132,V3207sgRNA.raw,0.0
3142,V3214sgRNA.raw,0.0
3141,V3213sgRNA.raw,0.0
3140,V3212sgRNA.raw,0.0
3138,V3210sgRNA.raw,0.0
3137,V321.ysgRNA.raw,0.0
3135,V320sgRNA.raw,0.0
3134,V3209sgRNA.raw,0.0
3133,V3208sgRNA.raw,0.0
3131,V3206sgRNA.raw,0.0
3120,V32.x.xsgRNA.raw,0.0
3130,V3205sgRNA.raw,0.0
3129,V3204sgRNA.raw,0.0
3128,V3203sgRNA.raw,0.0
3126,V3201sgRNA.raw,0.0
3125,V3200sgRNA.raw,0.0
3124,V320.ysgRNA.raw,0.0
3123,V32.ysgRNA.raw,0.0
3122,V32.y.ysgRNA.raw,0.0
3096,V318.ysgRNA.raw,0.0
3094,V3179sgRNA.raw,0.0
3047,V313sgRNA.raw,0.0
3093,V3178sgRNA.raw,0.0
3070,V3159sgRNA.raw,0.0
3069,V3158sgRNA.raw,0.0
3067,V3156sgRNA.raw,0.0
3066,V3155sgRNA.raw,0.0
3064,V3153sgRNA.raw,0.0
3063,V3152sgRNA.raw,0.0
3062,V3151sgRNA.raw,0.0
3061,V3150sgRNA.raw,0.0
3059,V314sgRNA.raw,0.0
3058,V3149sgRNA.raw,0.0
3057,V3148sgRNA.raw,0.0
3056,V3147sgRNA.raw,0.0
3055,V3146sgRNA.raw,0.0
3054,V3145sgRNA.raw,0.0
3053,V3144sgRNA.raw,0.0
3051,V3142sgRNA.raw,0.0
3050,V3141sgRNA.raw,0.0
3049,V3140sgRNA.raw,0.0
3048,V314.ysgRNA.raw,0.0
3071,V315sgRNA.raw,0.0
3072,V316.ysgRNA.raw,0.0
3073,V3160sgRNA.raw,0.0
3084,V317.ysgRNA.raw,0.0
3092,V3177sgRNA.raw,0.0
3091,V3176sgRNA.raw,0.0
3090,V3175sgRNA.raw,0.0
3089,V3174sgRNA.raw,0.0
3088,V3173sgRNA.raw,0.0
3087,V3172sgRNA.raw,0.0
3086,V3171sgRNA.raw,0.0
3085,V3170sgRNA.raw,0.0
3083,V316sgRNA.raw,0.0
3074,V3161sgRNA.raw,0.0
3082,V3169sgRNA.raw,0.0
3081,V3168sgRNA.raw,0.0
3080,V3167sgRNA.raw,0.0
3079,V3166sgRNA.raw,0.0
3078,V3165sgRNA.raw,0.0
3077,V3164sgRNA.raw,0.0
3076,V3163sgRNA.raw,0.0
3075,V3162sgRNA.raw,0.0
2532,V2751sgRNA.raw,0.0
2530,V275.ysgRNA.raw,0.0
1721,V2147sgRNA.raw,0.0
1998,V2353sgRNA.raw,0.0
1996,V2351sgRNA.raw,0.0
1995,V2350sgRNA.raw,0.0
1994,V235.ysgRNA.raw,0.0
1992,V234sgRNA.raw,0.0
1991,V2349sgRNA.raw,0.0
1990,V2348sgRNA.raw,0.0
1989,V2347sgRNA.raw,0.0
1988,V2346sgRNA.raw,0.0
1987,V2345sgRNA.raw,0.0
1986,V2344sgRNA.raw,0.0
1985,V2343sgRNA.raw,0.0
1984,V2342sgRNA.raw,0.0
1983,V2341sgRNA.raw,0.0
1982,V2340sgRNA.raw,0.0
1981,V234.ysgRNA.raw,0.0
1979,V233sgRNA.raw,0.0
1978,V2339sgRNA.raw,0.0
1977,V2338sgRNA.raw,0.0
1976,V2337sgRNA.raw,0.0
1997,V2352sgRNA.raw,0.0
2000,V2355sgRNA.raw,0.0
1921,V2298sgRNA.raw,0.0
2001,V2356sgRNA.raw,0.0
2022,V2371sgRNA.raw,0.0
2021,V2370sgRNA.raw,0.0
2020,V237.ysgRNA.raw,0.0
2019,V237.xsgRNA.raw,0.0
2016,V2368sgRNA.raw,0.0
2015,V2367sgRNA.raw,0.0
2014,V2366sgRNA.raw,0.0
2013,V2365sgRNA.raw,0.0
2012,V2364sgRNA.raw,0.0
2011,V2363sgRNA.raw,0.0
2010,V2362sgRNA.raw,0.0
2009,V2361sgRNA.raw,0.0
2008,V2360sgRNA.raw,0.0
2007,V236.ysgRNA.raw,0.0
2006,V236.xsgRNA.raw,0.0
2005,V235sgRNA.raw,0.0
2004,V2359sgRNA.raw,0.0
2003,V2358sgRNA.raw,0.0
2002,V2357sgRNA.raw,0.0
1975,V2336sgRNA.raw,0.0
1974,V2335sgRNA.raw,0.0
1973,V2334sgRNA.raw,0.0
1972,V2333sgRNA.raw,0.0
1946,V2313sgRNA.raw,0.0
1945,V2312sgRNA.raw,0.0
1944,V2311sgRNA.raw,0.0
1943,V2310sgRNA.raw,0.0
1942,V231.ysgRNA.raw,0.0
1940,V230sgRNA.raw,0.0
1939,V2309sgRNA.raw,0.0
1938,V2308sgRNA.raw,0.0
1937,V2307sgRNA.raw,0.0
1936,V2306sgRNA.raw,0.0
1935,V2305sgRNA.raw,0.0
1934,V2304sgRNA.raw,0.0
1932,V2302sgRNA.raw,0.0
1931,V2301sgRNA.raw,0.0
1930,V2300sgRNA.raw,0.0
1929,V230.ysgRNA.raw,0.0
1927,V23.ysgRNA.raw,0.0
1926,V23.y.ysgRNA.raw,0.0
1925,V23.xsgRNA.raw,0.0
1947,V2314sgRNA.raw,0.0
1948,V2315sgRNA.raw,0.0
1949,V2316sgRNA.raw,0.0
1960,V2324sgRNA.raw,0.0
1971,V2332sgRNA.raw,0.0
1970,V2331sgRNA.raw,0.0
1969,V2330sgRNA.raw,0.0
1968,V233.ysgRNA.raw,0.0
1966,V232sgRNA.raw,0.0
1965,V2329sgRNA.raw,0.0
1964,V2328sgRNA.raw,0.0
1961,V2325sgRNA.raw,0.0
1959,V2323sgRNA.raw,0.0
1950,V2317sgRNA.raw,0.0
1958,V2322sgRNA.raw,0.0
1957,V2321sgRNA.raw,0.0
1956,V2320sgRNA.raw,0.0
1955,V232.ysgRNA.raw,0.0
1954,V232.xsgRNA.raw,0.0
1953,V231sgRNA.raw,0.0
1952,V2319sgRNA.raw,0.0
1951,V2318sgRNA.raw,0.0
2023,V2372sgRNA.raw,0.0
2024,V2373sgRNA.raw,0.0
2025,V2374sgRNA.raw,0.0
2078,V2411sgRNA.raw,0.0
2102,V243.ysgRNA.raw,0.0
2100,V242sgRNA.raw,0.0
2099,V2429sgRNA.raw,0.0
2098,V2428sgRNA.raw,0.0
2097,V2427sgRNA.raw,0.0
2096,V2426sgRNA.raw,0.0
2095,V2425sgRNA.raw,0.0
2094,V2424sgRNA.raw,0.0
2093,V2423sgRNA.raw,0.0
2092,V2422sgRNA.raw,0.0
2091,V2421sgRNA.raw,0.0
2090,V2420sgRNA.raw,0.0
2087,V241sgRNA.raw,0.0
2086,V2419sgRNA.raw,0.0
2085,V2418sgRNA.raw,0.0
2083,V2416sgRNA.raw,0.0
2082,V2415sgRNA.raw,0.0
2081,V2414sgRNA.raw,0.0
2080,V2413sgRNA.raw,0.0
2104,V2431sgRNA.raw,0.0
2105,V2432sgRNA.raw,0.0
2106,V2433sgRNA.raw,0.0
2119,V2443sgRNA.raw,0.0
2127,V245.xsgRNA.raw,0.0
2126,V244sgRNA.raw,0.0
2125,V2449sgRNA.raw,0.0
2124,V2448sgRNA.raw,0.0
2123,V2447sgRNA.raw,0.0
2122,V2446sgRNA.raw,0.0
2121,V2445sgRNA.raw,0.0
2120,V2444sgRNA.raw,0.0
2118,V2442sgRNA.raw,0.0
2107,V2434sgRNA.raw,0.0
2117,V2441sgRNA.raw,0.0
2116,V2440sgRNA.raw,0.0
2115,V244.ysgRNA.raw,0.0
2113,V243sgRNA.raw,0.0
2112,V2439sgRNA.raw,0.0
2111,V2438sgRNA.raw,0.0
2110,V2437sgRNA.raw,0.0
2109,V2436sgRNA.raw,0.0
2079,V2412sgRNA.raw,0.0
2077,V2410sgRNA.raw,0.0
2026,V2375sgRNA.raw,0.0
2076,V241.ysgRNA.raw,0.0
2049,V2392sgRNA.raw,0.0
2048,V2391sgRNA.raw,0.0
2047,V2390sgRNA.raw,0.0
2046,V239.ysgRNA.raw,0.0
2044,V238sgRNA.raw,0.0
2042,V2388sgRNA.raw,0.0
2041,V2387sgRNA.raw,0.0
2040,V2386sgRNA.raw,0.0
2039,V2385sgRNA.raw,0.0
2038,V2384sgRNA.raw,0.0
2037,V2383sgRNA.raw,0.0
2036,V2382sgRNA.raw,0.0
2034,V2380sgRNA.raw,0.0
2033,V238.ysgRNA.raw,0.0
2031,V237sgRNA.raw,0.0
2030,V2379sgRNA.raw,0.0
2029,V2378sgRNA.raw,0.0
2028,V2377sgRNA.raw,0.0
2027,V2376sgRNA.raw,0.0
2050,V2393sgRNA.raw,0.0
2051,V2394sgRNA.raw,0.0
2052,V2395sgRNA.raw,0.0
2066,V2402sgRNA.raw,0.0
2074,V240sgRNA.raw,0.0
2073,V2409sgRNA.raw,0.0
2072,V2408sgRNA.raw,0.0
2071,V2407sgRNA.raw,0.0
2070,V2406sgRNA.raw,0.0
2069,V2405sgRNA.raw,0.0
2068,V2404sgRNA.raw,0.0
2067,V2403sgRNA.raw,0.0
2065,V2401sgRNA.raw,0.0
2053,V2396sgRNA.raw,0.0
2064,V2400sgRNA.raw,0.0
2063,V240.ysgRNA.raw,0.0
2061,V24.ysgRNA.raw,0.0
2058,V24.x.xsgRNA.raw,0.0
2057,V239sgRNA.raw,0.0
2056,V2399sgRNA.raw,0.0
2055,V2398sgRNA.raw,0.0
2054,V2397sgRNA.raw,0.0
1923,V229sgRNA.raw,0.0
1920,V2297sgRNA.raw,0.0
2528,V274sgRNA.raw,0.0
1792,V22.y.ysgRNA.raw,0.0
1790,V22.x.xsgRNA.raw,0.0
1789,V219sgRNA.raw,0.0
1788,V2199sgRNA.raw,0.0
1787,V2198sgRNA.raw,0.0
1786,V2197sgRNA.raw,0.0
1785,V2196sgRNA.raw,0.0
1784,V2195sgRNA.raw,0.0
1783,V2194sgRNA.raw,0.0
1782,V2193sgRNA.raw,0.0
1781,V2192sgRNA.raw,0.0
1780,V2191sgRNA.raw,0.0
1779,V2190sgRNA.raw,0.0
1778,V219.ysgRNA.raw,0.0
1777,V219.xsgRNA.raw,0.0
1776,V218sgRNA.raw,0.0
1775,V2189sgRNA.raw,0.0
1774,V2188sgRNA.raw,0.0
1773,V2187sgRNA.raw,0.0
1772,V2186sgRNA.raw,0.0
1791,V22.xsgRNA.raw,0.0
1795,V220.ysgRNA.raw,0.0
1919,V2296sgRNA.raw,0.0
1796,V2200sgRNA.raw,0.0
1817,V2218sgRNA.raw,0.0
1816,V2217sgRNA.raw,0.0
1815,V2216sgRNA.raw,0.0
1814,V2215sgRNA.raw,0.0
1813,V2214sgRNA.raw,0.0
1812,V2213sgRNA.raw,0.0
1811,V2212sgRNA.raw,0.0
1810,V2211sgRNA.raw,0.0
1807,V221.xsgRNA.raw,0.0
1806,V220sgRNA.raw,0.0
1805,V2209sgRNA.raw,0.0
1804,V2208sgRNA.raw,0.0
1803,V2207sgRNA.raw,0.0
1802,V2206sgRNA.raw,0.0
1801,V2205sgRNA.raw,0.0
1800,V2204sgRNA.raw,0.0
1799,V2203sgRNA.raw,0.0
1798,V2202sgRNA.raw,0.0
1797,V2201sgRNA.raw,0.0
1771,V2185sgRNA.raw,0.0
1770,V2184sgRNA.raw,0.0
1769,V2183sgRNA.raw,0.0
1768,V2182sgRNA.raw,0.0
1741,V2161sgRNA.raw,0.0
1740,V2160sgRNA.raw,0.0
1739,V216.ysgRNA.raw,0.0
1738,V216.xsgRNA.raw,0.0
1737,V215sgRNA.raw,0.0
1736,V2159sgRNA.raw,0.0
1735,V2158sgRNA.raw,0.0
1734,V2157sgRNA.raw,0.0
1733,V2156sgRNA.raw,0.0
1732,V2155sgRNA.raw,0.0
1731,V2154sgRNA.raw,0.0
1730,V2153sgRNA.raw,0.0
1729,V2152sgRNA.raw,0.0
1728,V2151sgRNA.raw,0.0
1727,V2150sgRNA.raw,0.0
1726,V215.ysgRNA.raw,0.0
1724,V214sgRNA.raw,0.0
1723,V2149sgRNA.raw,0.0
1722,V2148sgRNA.raw,0.0
1742,V2162sgRNA.raw,0.0
1743,V2163sgRNA.raw,0.0
1744,V2164sgRNA.raw,0.0
1757,V2174sgRNA.raw,0.0
1767,V2181sgRNA.raw,0.0
1766,V2180sgRNA.raw,0.0
1763,V217sgRNA.raw,0.0
1762,V2179sgRNA.raw,0.0
1761,V2178sgRNA.raw,0.0
1760,V2177sgRNA.raw,0.0
1759,V2176sgRNA.raw,0.0
1758,V2175sgRNA.raw,0.0
1756,V2173sgRNA.raw,0.0
1745,V2165sgRNA.raw,0.0
1755,V2172sgRNA.raw,0.0
1754,V2171sgRNA.raw,0.0
1753,V2170sgRNA.raw,0.0
1750,V216sgRNA.raw,0.0
1749,V2169sgRNA.raw,0.0
1748,V2168sgRNA.raw,0.0
1747,V2167sgRNA.raw,0.0
1746,V2166sgRNA.raw,0.0
1819,V221sgRNA.raw,0.0
1821,V222.ysgRNA.raw,0.0
1822,V2220sgRNA.raw,0.0
1873,V226.ysgRNA.raw,0.0
1894,V2277sgRNA.raw,0.0
1893,V2276sgRNA.raw,0.0
1892,V2275sgRNA.raw,0.0
1891,V2274sgRNA.raw,0.0
1890,V2273sgRNA.raw,0.0
1889,V2272sgRNA.raw,0.0
1888,V2271sgRNA.raw,0.0
1887,V2270sgRNA.raw,0.0
1886,V227.ysgRNA.raw,0.0
1885,V227.xsgRNA.raw,0.0
1884,V226sgRNA.raw,0.0
1883,V2269sgRNA.raw,0.0
1882,V2268sgRNA.raw,0.0
1881,V2267sgRNA.raw,0.0
1880,V2266sgRNA.raw,0.0
1879,V2265sgRNA.raw,0.0
1877,V2263sgRNA.raw,0.0
1876,V2262sgRNA.raw,0.0
1875,V2261sgRNA.raw,0.0
1895,V2278sgRNA.raw,0.0
1896,V2279sgRNA.raw,0.0
1897,V227sgRNA.raw,0.0
1908,V2288sgRNA.raw,0.0
1918,V2295sgRNA.raw,0.0
1916,V2293sgRNA.raw,0.0
1915,V2292sgRNA.raw,0.0
1914,V2291sgRNA.raw,0.0
1913,V2290sgRNA.raw,0.0
1912,V229.ysgRNA.raw,0.0
1910,V228sgRNA.raw,0.0
1909,V2289sgRNA.raw,0.0
1907,V2287sgRNA.raw,0.0
1898,V228.xsgRNA.raw,0.0
1906,V2286sgRNA.raw,0.0
1905,V2285sgRNA.raw,0.0
1904,V2284sgRNA.raw,0.0
1903,V2283sgRNA.raw,0.0
1902,V2282sgRNA.raw,0.0
1901,V2281sgRNA.raw,0.0
1900,V2280sgRNA.raw,0.0
1899,V228.ysgRNA.raw,0.0
1874,V2260sgRNA.raw,0.0
1872,V226.xsgRNA.raw,0.0
1824,V2222sgRNA.raw,0.0
1871,V225sgRNA.raw,0.0
1845,V223sgRNA.raw,0.0
1844,V2239sgRNA.raw,0.0
1843,V2238sgRNA.raw,0.0
1842,V2237sgRNA.raw,0.0
1841,V2236sgRNA.raw,0.0
1840,V2235sgRNA.raw,0.0
1839,V2234sgRNA.raw,0.0
1838,V2233sgRNA.raw,0.0
1837,V2232sgRNA.raw,0.0
1835,V2230sgRNA.raw,0.0
1834,V223.ysgRNA.raw,0.0
1832,V222sgRNA.raw,0.0
1831,V2229sgRNA.raw,0.0
1830,V2228sgRNA.raw,0.0
1829,V2227sgRNA.raw,0.0
1828,V2226sgRNA.raw,0.0
1827,V2225sgRNA.raw,0.0
1826,V2224sgRNA.raw,0.0
1825,V2223sgRNA.raw,0.0
1847,V224.ysgRNA.raw,0.0
1848,V2240sgRNA.raw,0.0
1849,V2241sgRNA.raw,0.0
1861,V2250sgRNA.raw,0.0
1870,V2259sgRNA.raw,0.0
1868,V2257sgRNA.raw,0.0
1867,V2256sgRNA.raw,0.0
1866,V2255sgRNA.raw,0.0
1865,V2254sgRNA.raw,0.0
1864,V2253sgRNA.raw,0.0
1863,V2252sgRNA.raw,0.0
1862,V2251sgRNA.raw,0.0
1860,V225.ysgRNA.raw,0.0
1851,V2243sgRNA.raw,0.0
1859,V225.xsgRNA.raw,0.0
1858,V224sgRNA.raw,0.0
1857,V2249sgRNA.raw,0.0
1856,V2248sgRNA.raw,0.0
1855,V2247sgRNA.raw,0.0
1854,V2246sgRNA.raw,0.0
1853,V2245sgRNA.raw,0.0
1852,V2244sgRNA.raw,0.0
2128,V245.ysgRNA.raw,0.0
2129,V2450sgRNA.raw,0.0
2130,V2451sgRNA.raw,0.0
2406,V2659sgRNA.raw,0.0
2404,V2657sgRNA.raw,0.0
2403,V2656sgRNA.raw,0.0
2402,V2655sgRNA.raw,0.0
2401,V2654sgRNA.raw,0.0
2400,V2653sgRNA.raw,0.0
2399,V2652sgRNA.raw,0.0
2398,V2651sgRNA.raw,0.0
2397,V2650sgRNA.raw,0.0
2396,V265.ysgRNA.raw,0.0
2395,V265.xsgRNA.raw,0.0
2394,V264sgRNA.raw,0.0
2393,V2649sgRNA.raw,0.0
2392,V2648sgRNA.raw,0.0
2391,V2647sgRNA.raw,0.0
2390,V2646sgRNA.raw,0.0
2389,V2645sgRNA.raw,0.0
2388,V2644sgRNA.raw,0.0
2387,V2643sgRNA.raw,0.0
2385,V2641sgRNA.raw,0.0
2405,V2658sgRNA.raw,0.0
2407,V265sgRNA.raw,0.0
2131,V2452sgRNA.raw,0.0
2408,V266.xsgRNA.raw,0.0
2430,V2677sgRNA.raw,0.0
2429,V2676sgRNA.raw,0.0
2428,V2675sgRNA.raw,0.0
2426,V2673sgRNA.raw,0.0
2425,V2672sgRNA.raw,0.0
2424,V2671sgRNA.raw,0.0
2423,V2670sgRNA.raw,0.0
2422,V267.ysgRNA.raw,0.0
2420,V266sgRNA.raw,0.0
2419,V2669sgRNA.raw,0.0
2418,V2668sgRNA.raw,0.0
2417,V2667sgRNA.raw,0.0
2416,V2666sgRNA.raw,0.0
2415,V2665sgRNA.raw,0.0
2414,V2664sgRNA.raw,0.0
2413,V2663sgRNA.raw,0.0
2412,V2662sgRNA.raw,0.0
2411,V2661sgRNA.raw,0.0
2410,V2660sgRNA.raw,0.0
2384,V2640sgRNA.raw,0.0
2383,V264.ysgRNA.raw,0.0
2381,V263sgRNA.raw,0.0
2379,V2638sgRNA.raw,0.0
2354,V2619sgRNA.raw,0.0
2353,V2618sgRNA.raw,0.0
2352,V2617sgRNA.raw,0.0
2351,V2616sgRNA.raw,0.0
2350,V2615sgRNA.raw,0.0
2349,V2614sgRNA.raw,0.0
2348,V2613sgRNA.raw,0.0
2347,V2612sgRNA.raw,0.0
2346,V2611sgRNA.raw,0.0
2345,V2610sgRNA.raw,0.0
2344,V261.ysgRNA.raw,0.0
2342,V260sgRNA.raw,0.0
2341,V2609sgRNA.raw,0.0
2340,V2608sgRNA.raw,0.0
2339,V2607sgRNA.raw,0.0
2338,V2606sgRNA.raw,0.0
2337,V2605sgRNA.raw,0.0
2336,V2604sgRNA.raw,0.0
2335,V2603sgRNA.raw,0.0
2355,V261sgRNA.raw,0.0
2357,V262.ysgRNA.raw,0.0
2358,V2620sgRNA.raw,0.0
2369,V263.xsgRNA.raw,0.0
2378,V2637sgRNA.raw,0.0
2377,V2636sgRNA.raw,0.0
2375,V2634sgRNA.raw,0.0
2374,V2633sgRNA.raw,0.0
2373,V2632sgRNA.raw,0.0
2372,V2631sgRNA.raw,0.0
2371,V2630sgRNA.raw,0.0
2370,V263.ysgRNA.raw,0.0
2368,V262sgRNA.raw,0.0
2359,V2621sgRNA.raw,0.0
2367,V2629sgRNA.raw,0.0
2366,V2628sgRNA.raw,0.0
2365,V2627sgRNA.raw,0.0
2364,V2626sgRNA.raw,0.0
2363,V2625sgRNA.raw,0.0
2362,V2624sgRNA.raw,0.0
2361,V2623sgRNA.raw,0.0
2360,V2622sgRNA.raw,0.0
2431,V2678sgRNA.raw,0.0
2432,V2679sgRNA.raw,0.0
2433,V267sgRNA.raw,0.0
2481,V2712sgRNA.raw,0.0
2504,V273.ysgRNA.raw,0.0
2502,V272sgRNA.raw,0.0
2501,V2729sgRNA.raw,0.0
2500,V2728sgRNA.raw,0.0
2499,V2727sgRNA.raw,0.0
2498,V2726sgRNA.raw,0.0
2497,V2725sgRNA.raw,0.0
2496,V2724sgRNA.raw,0.0
2494,V2722sgRNA.raw,0.0
2493,V2721sgRNA.raw,0.0
2492,V2720sgRNA.raw,0.0
2491,V272.ysgRNA.raw,0.0
2489,V271sgRNA.raw,0.0
2488,V2719sgRNA.raw,0.0
2487,V2718sgRNA.raw,0.0
2486,V2717sgRNA.raw,0.0
2485,V2716sgRNA.raw,0.0
2484,V2715sgRNA.raw,0.0
2483,V2714sgRNA.raw,0.0
2505,V2730sgRNA.raw,0.0
2506,V2731sgRNA.raw,0.0
2507,V2732sgRNA.raw,0.0
2519,V2741sgRNA.raw,0.0
2527,V2749sgRNA.raw,0.0
2526,V2748sgRNA.raw,0.0
2525,V2747sgRNA.raw,0.0
2524,V2746sgRNA.raw,0.0
2523,V2745sgRNA.raw,0.0
2522,V2744sgRNA.raw,0.0
2521,V2743sgRNA.raw,0.0
2520,V2742sgRNA.raw,0.0
2518,V2740sgRNA.raw,0.0
2508,V2733sgRNA.raw,0.0
2517,V274.ysgRNA.raw,0.0
2515,V273sgRNA.raw,0.0
2514,V2739sgRNA.raw,0.0
2513,V2738sgRNA.raw,0.0
2512,V2737sgRNA.raw,0.0
2511,V2736sgRNA.raw,0.0
2510,V2735sgRNA.raw,0.0
2509,V2734sgRNA.raw,0.0
2482,V2713sgRNA.raw,0.0
2480,V2711sgRNA.raw,0.0
2434,V268.xsgRNA.raw,0.0
2479,V2710sgRNA.raw,0.0
2454,V2695sgRNA.raw,0.0
2453,V2694sgRNA.raw,0.0
2452,V2693sgRNA.raw,0.0
2451,V2692sgRNA.raw,0.0
2450,V2691sgRNA.raw,0.0
2449,V2690sgRNA.raw,0.0
2448,V269.ysgRNA.raw,0.0
2447,V269.xsgRNA.raw,0.0
2446,V268sgRNA.raw,0.0
2445,V2689sgRNA.raw,0.0
2444,V2688sgRNA.raw,0.0
2443,V2687sgRNA.raw,0.0
2442,V2686sgRNA.raw,0.0
2441,V2685sgRNA.raw,0.0
2440,V2684sgRNA.raw,0.0
2439,V2683sgRNA.raw,0.0
2438,V2682sgRNA.raw,0.0
2437,V2681sgRNA.raw,0.0
2436,V2680sgRNA.raw,0.0
2455,V2696sgRNA.raw,0.0
2456,V2697sgRNA.raw,0.0
2457,V2698sgRNA.raw,0.0
2468,V2702sgRNA.raw,0.0
2477,V271.xsgRNA.raw,0.0
2476,V270sgRNA.raw,0.0
2475,V2709sgRNA.raw,0.0
2474,V2708sgRNA.raw,0.0
2472,V2706sgRNA.raw,0.0
2471,V2705sgRNA.raw,0.0
2470,V2704sgRNA.raw,0.0
2469,V2703sgRNA.raw,0.0
2467,V2701sgRNA.raw,0.0
2458,V2699sgRNA.raw,0.0
2466,V2700sgRNA.raw,0.0
2465,V270.ysgRNA.raw,0.0
2464,V270.xsgRNA.raw,0.0
2463,V27.ysgRNA.raw,0.0
2462,V27.y.ysgRNA.raw,0.0
2461,V27.xsgRNA.raw,0.0
2460,V27.x.xsgRNA.raw,0.0
2459,V269sgRNA.raw,0.0
2334,V2602sgRNA.raw,0.0
2333,V2601sgRNA.raw,0.0
2332,V2600sgRNA.raw,0.0
2181,V2490sgRNA.raw,0.0
2203,V2505sgRNA.raw,0.0
2202,V2504sgRNA.raw,0.0
2201,V2503sgRNA.raw,0.0
2200,V2502sgRNA.raw,0.0
2199,V2501sgRNA.raw,0.0
2198,V2500sgRNA.raw,0.0
2197,V250.ysgRNA.raw,0.0
2195,V25.ysgRNA.raw,0.0
2194,V25.y.ysgRNA.raw,0.0
2192,V25.x.xsgRNA.raw,0.0
2191,V249sgRNA.raw,0.0
2190,V2499sgRNA.raw,0.0
2189,V2498sgRNA.raw,0.0
2188,V2497sgRNA.raw,0.0
2187,V2496sgRNA.raw,0.0
2186,V2495sgRNA.raw,0.0
2185,V2494sgRNA.raw,0.0
2184,V2493sgRNA.raw,0.0
2183,V2492sgRNA.raw,0.0
2204,V2506sgRNA.raw,0.0
2205,V2507sgRNA.raw,0.0
2206,V2508sgRNA.raw,0.0
2221,V251sgRNA.raw,0.0
2230,V2526sgRNA.raw,0.0
2229,V2525sgRNA.raw,0.0
2228,V2524sgRNA.raw,0.0
2227,V2523sgRNA.raw,0.0
2226,V2522sgRNA.raw,0.0
2225,V2521sgRNA.raw,0.0
2224,V2520sgRNA.raw,0.0
2223,V252.ysgRNA.raw,0.0
2220,V2519sgRNA.raw,0.0
2207,V2509sgRNA.raw,0.0
2218,V2517sgRNA.raw,0.0
2215,V2514sgRNA.raw,0.0
2214,V2513sgRNA.raw,0.0
2213,V2512sgRNA.raw,0.0
2212,V2511sgRNA.raw,0.0
2211,V2510sgRNA.raw,0.0
2209,V251.xsgRNA.raw,0.0
2208,V250sgRNA.raw,0.0
2182,V2491sgRNA.raw,0.0
2180,V249.ysgRNA.raw,0.0
2232,V2528sgRNA.raw,0.0
2179,V249.xsgRNA.raw,0.0
2155,V2470sgRNA.raw,0.0
2152,V246sgRNA.raw,0.0
2151,V2469sgRNA.raw,0.0
2150,V2468sgRNA.raw,0.0
2148,V2466sgRNA.raw,0.0
2147,V2465sgRNA.raw,0.0
2146,V2464sgRNA.raw,0.0
2145,V2463sgRNA.raw,0.0
2144,V2462sgRNA.raw,0.0
2143,V2461sgRNA.raw,0.0
2142,V2460sgRNA.raw,0.0
2139,V245sgRNA.raw,0.0
2138,V2459sgRNA.raw,0.0
2137,V2458sgRNA.raw,0.0
2136,V2457sgRNA.raw,0.0
2135,V2456sgRNA.raw,0.0
2134,V2455sgRNA.raw,0.0
2133,V2454sgRNA.raw,0.0
2132,V2453sgRNA.raw,0.0
2156,V2471sgRNA.raw,0.0
2157,V2472sgRNA.raw,0.0
2158,V2473sgRNA.raw,0.0
2170,V2482sgRNA.raw,0.0
2178,V248sgRNA.raw,0.0
2177,V2489sgRNA.raw,0.0
2176,V2488sgRNA.raw,0.0
2175,V2487sgRNA.raw,0.0
2174,V2486sgRNA.raw,0.0
2173,V2485sgRNA.raw,0.0
2172,V2484sgRNA.raw,0.0
2171,V2483sgRNA.raw,0.0
2168,V2480sgRNA.raw,0.0
2159,V2474sgRNA.raw,0.0
2167,V248.ysgRNA.raw,0.0
2166,V248.xsgRNA.raw,0.0
2165,V247sgRNA.raw,0.0
2164,V2479sgRNA.raw,0.0
2163,V2478sgRNA.raw,0.0
2162,V2477sgRNA.raw,0.0
2161,V2476sgRNA.raw,0.0
2160,V2475sgRNA.raw,0.0
2231,V2527sgRNA.raw,0.0
2233,V2529sgRNA.raw,0.0
2331,V260.ysgRNA.raw,0.0
2283,V2567sgRNA.raw,0.0
2305,V2583sgRNA.raw,0.0
2304,V2582sgRNA.raw,0.0
2303,V2581sgRNA.raw,0.0
2302,V2580sgRNA.raw,0.0
2301,V258.ysgRNA.raw,0.0
2300,V258.xsgRNA.raw,0.0
2299,V257sgRNA.raw,0.0
2298,V2579sgRNA.raw,0.0
2297,V2578sgRNA.raw,0.0
2296,V2577sgRNA.raw,0.0
2295,V2576sgRNA.raw,0.0
2294,V2575sgRNA.raw,0.0
2293,V2574sgRNA.raw,0.0
2292,V2573sgRNA.raw,0.0
2291,V2572sgRNA.raw,0.0
2290,V2571sgRNA.raw,0.0
2289,V2570sgRNA.raw,0.0
2286,V256sgRNA.raw,0.0
2285,V2569sgRNA.raw,0.0
2306,V2584sgRNA.raw,0.0
2307,V2585sgRNA.raw,0.0
2308,V2586sgRNA.raw,0.0
2321,V2596sgRNA.raw,0.0
2329,V26.ysgRNA.raw,0.0
2328,V26.y.ysgRNA.raw,0.0
2327,V26.xsgRNA.raw,0.0
2326,V26.x.xsgRNA.raw,0.0
2325,V259sgRNA.raw,0.0
2324,V2599sgRNA.raw,0.0
2323,V2598sgRNA.raw,0.0
2322,V2597sgRNA.raw,0.0
2319,V2594sgRNA.raw,0.0
2309,V2587sgRNA.raw,0.0
2318,V2593sgRNA.raw,0.0
2317,V2592sgRNA.raw,0.0
2316,V2591sgRNA.raw,0.0
2315,V2590sgRNA.raw,0.0
2314,V259.ysgRNA.raw,0.0
2313,V259.xsgRNA.raw,0.0
2311,V2589sgRNA.raw,0.0
2310,V2588sgRNA.raw,0.0
2284,V2568sgRNA.raw,0.0
2282,V2566sgRNA.raw,0.0
2235,V253.xsgRNA.raw,0.0
2281,V2565sgRNA.raw,0.0
2255,V2545sgRNA.raw,0.0
2254,V2544sgRNA.raw,0.0
2253,V2543sgRNA.raw,0.0
2252,V2542sgRNA.raw,0.0
2251,V2541sgRNA.raw,0.0
2250,V2540sgRNA.raw,0.0
2249,V254.ysgRNA.raw,0.0
2247,V253sgRNA.raw,0.0
2246,V2539sgRNA.raw,0.0
2245,V2538sgRNA.raw,0.0
2244,V2537sgRNA.raw,0.0
2243,V2536sgRNA.raw,0.0
2242,V2535sgRNA.raw,0.0
2241,V2534sgRNA.raw,0.0
2240,V2533sgRNA.raw,0.0
2239,V2532sgRNA.raw,0.0
2238,V2531sgRNA.raw,0.0
2237,V2530sgRNA.raw,0.0
2236,V253.ysgRNA.raw,0.0
2256,V2546sgRNA.raw,0.0
2257,V2547sgRNA.raw,0.0
2258,V2548sgRNA.raw,0.0
2272,V2559sgRNA.raw,0.0
2280,V2564sgRNA.raw,0.0
2279,V2563sgRNA.raw,0.0
2278,V2562sgRNA.raw,0.0
2277,V2561sgRNA.raw,0.0
2276,V2560sgRNA.raw,0.0
2275,V256.ysgRNA.raw,0.0
2274,V256.xsgRNA.raw,0.0
2273,V255sgRNA.raw,0.0
2271,V2558sgRNA.raw,0.0
2259,V2549sgRNA.raw,0.0
2270,V2557sgRNA.raw,0.0
2269,V2556sgRNA.raw,0.0
2268,V2555sgRNA.raw,0.0
2267,V2554sgRNA.raw,0.0
2266,V2553sgRNA.raw,0.0
2265,V2552sgRNA.raw,0.0
2263,V2550sgRNA.raw,0.0
2260,V254sgRNA.raw,0.0
6231,p9trimer.No.electronsraw,0.0
